#
# There is insufficient memory for the Java Runtime Environment to continue.
# Native memory allocation (malloc) failed to allocate 98256 bytes for Chunk::new
# Possible reasons:
#   The system is out of physical RAM or swap space
#   The process is running with CompressedOops enabled, and the Java Heap may be blocking the growth of the native heap
# Possible solutions:
#   Reduce memory load on the system
#   Increase physical memory or swap space
#   Check if swap backing store is full
#   Decrease Java heap size (-Xmx/-Xms)
#   Decrease number of Java threads
#   Decrease Java thread stack sizes (-Xss)
#   Set larger code cache with -XX:ReservedCodeCacheSize=
#   JVM is running with Zero Based Compressed Oops mode in which the Java heap is
#     placed in the first 32GB address space. The Java Heap base address is the
#     maximum limit for the native heap growth. Please use -XX:HeapBaseMinAddress
#     to set the Java Heap base and to place the Java Heap above 32GB virtual address.
# This output file may be truncated or incomplete.
#
#  Out of Memory Error (arena.cpp:189), pid=21628, tid=13404
#
# JRE version: Java(TM) SE Runtime Environment (17.0.12+8) (build 17.0.12+8-LTS-286)
# Java VM: Java HotSpot(TM) 64-Bit Server VM (17.0.12+8-LTS-286, mixed mode, sharing, tiered, compressed oops, compressed class ptrs, g1 gc, windows-amd64)
# No core dump will be written. Minidumps are not enabled by default on client versions of Windows
#

---------------  S U M M A R Y ------------

Command Line: --add-opens=java.base/java.lang=ALL-UNNAMED --add-opens=java.base/java.lang.invoke=ALL-UNNAMED --add-opens=java.base/java.util=ALL-UNNAMED --add-opens=java.prefs/java.util.prefs=ALL-UNNAMED --add-exports=jdk.compiler/com.sun.tools.javac.api=ALL-UNNAMED --add-exports=jdk.compiler/com.sun.tools.javac.util=ALL-UNNAMED --add-opens=java.base/java.util=ALL-UNNAMED --add-opens=java.prefs/java.util.prefs=ALL-UNNAMED --add-opens=java.base/java.nio.charset=ALL-UNNAMED --add-opens=java.base/java.net=ALL-UNNAMED --add-opens=java.base/java.util.concurrent.atomic=ALL-UNNAMED --add-opens=java.xml/javax.xml.namespace=ALL-UNNAMED -Xmx3G -Dfile.encoding=windows-1252 -Duser.country=BR -Duser.language=pt -Duser.variant -javaagent:C:\Users\Luppz\.gradle\wrapper\dists\gradle-8.14.2-bin\2pb3mgt1p815evrl3weanttgr\gradle-8.14.2\lib\agents\gradle-instrumentation-agent-8.14.2.jar org.gradle.launcher.daemon.bootstrap.GradleDaemon 8.14.2

Host: AMD Ryzen 5 5600 6-Core Processor              , 12 cores, 15G,  Windows 10 , 64 bit Build 19041 (10.0.19041.5915)
Time: Thu Nov 20 21:09:20 2025 Hora oficial do Brasil elapsed time: 18.312873 seconds (0d 0h 0m 18s)

---------------  T H R E A D  ---------------

Current thread (0x0000000023a4f660):  JavaThread "C2 CompilerThread0" daemon [_thread_in_native, id=13404, stack(0x0000000069510000,0x0000000069610000)]


Current CompileTask:
C2:  18312 10936       4       org.gradle.internal.snapshot.AbstractListChildMap$$Lambda$931/0x000000002562efa0::compareTo (16 bytes)

Stack: [0x0000000069510000,0x0000000069610000]
Native frames: (J=compiled Java code, j=interpreted, Vv=VM code, C=native code)
V  [jvm.dll+0x67a04a]
V  [jvm.dll+0x7da4ed]
V  [jvm.dll+0x7dbe33]
V  [jvm.dll+0x7dc4a3]
V  [jvm.dll+0x24508f]
V  [jvm.dll+0xab773]
V  [jvm.dll+0xabd3c]
V  [jvm.dll+0x361b9f]
V  [jvm.dll+0x1ba45a]
V  [jvm.dll+0x216997]
V  [jvm.dll+0x215c6f]
V  [jvm.dll+0x1a2960]
V  [jvm.dll+0x22610b]
V  [jvm.dll+0x2242ab]
V  [jvm.dll+0x79075c]
V  [jvm.dll+0x78abea]
V  [jvm.dll+0x678f35]
C  [ucrtbase.dll+0x21bb2]
C  [KERNEL32.DLL+0x17374]
C  [ntdll.dll+0x4cc91]


---------------  P R O C E S S  ---------------

Threads class SMR info:
_java_thread_list=0x000000007aca0bb0, length=156, elements={
0x0000000002aac700, 0x0000000023a33c30, 0x0000000023a34500, 0x0000000023a49a40,
0x0000000023a4a310, 0x0000000023a4abe0, 0x0000000023a4b4b0, 0x0000000023a4f660,
0x0000000023a58030, 0x0000000023a58940, 0x0000000023a1d050, 0x00000000699a5d30,
0x000000006b72f240, 0x000000006b730170, 0x000000006b730680, 0x000000006b72f750,
0x000000006b72de00, 0x000000006b72ed30, 0x000000006b730b90, 0x000000006b7310a0,
0x000000006b7315b0, 0x000000006b72e820, 0x000000006ca35d40, 0x000000006ca385c0,
0x000000006ca38ad0, 0x000000006ca39a00, 0x000000006ca37180, 0x000000006ca343f0,
0x000000006ca37690, 0x000000006ca334c0, 0x000000006ca32aa0, 0x000000006ca37ba0,
0x000000006ca33ee0, 0x000000006ca3a420, 0x000000006ca34900, 0x000000006ca36250,
0x000000006ca34e10, 0x000000006ca36c70, 0x000000006ca380b0, 0x000000006ca32fb0,
0x000000006ca339d0, 0x000000006ca35320, 0x000000006ca35830, 0x000000006fe5e670,
0x000000006fe5b3d0, 0x000000006fe59a80, 0x000000006fe5a4a0, 0x000000006fe5b8e0,
0x000000006fe5c810, 0x000000006fe5bdf0, 0x000000006fe5a9b0, 0x000000006fe5aec0,
0x000000006fe5c300, 0x000000006fe5cd20, 0x000000006fe5d230, 0x000000006fe59f90,
0x000000006fe5f090, 0x000000006fe5dc50, 0x000000006fe604d0, 0x000000006fe5d740,
0x000000006fe5e160, 0x000000006fe5f5a0, 0x000000006fe5eb80, 0x000000006fe5fab0,
0x000000006fe5ffc0, 0x000000006fe59060, 0x000000006fe609e0, 0x000000006fe59570,
0x0000000071120780, 0x000000007111f850, 0x00000000711225e0, 0x000000007111e410,
0x0000000071123000, 0x0000000071123a20, 0x0000000071123510, 0x000000007111d9f0,
0x000000007111fd60, 0x0000000071120c90, 0x0000000071120270, 0x000000007111cfd0,
0x000000007111ee30, 0x00000000711216b0, 0x00000000711220d0, 0x000000007111c5b0,
0x0000000071121bc0, 0x0000000071122af0, 0x000000007111f340, 0x000000006b72fc60,
0x000000006f865750, 0x000000006f8689f0, 0x000000006f866680, 0x000000006f865240,
0x000000006f862ed0, 0x000000006f8675b0, 0x000000006f864820, 0x000000006f8629c0,
0x000000006f865c60, 0x000000006f866170, 0x000000006f8633e0, 0x000000006f8624b0,
0x000000006f8670a0, 0x000000006f866b90, 0x000000006f867fd0, 0x000000006f8638f0,
0x000000006f861a90, 0x000000006f863e00, 0x000000006f8684e0, 0x000000006f868f00,
0x000000006f869410, 0x000000006f864d30, 0x000000006f864310, 0x000000006f861fa0,
0x000000006fc99e80, 0x000000006fc9ea70, 0x000000006fc9bce0, 0x000000006fc98f50,
0x000000006fc9a390, 0x000000006fc9c1f0, 0x000000006fc9db40, 0x000000006fc9a8a0,
0x000000006fc9d120, 0x000000006fc9adb0, 0x000000006fc9c700, 0x000000006fc98020,
0x000000006fc98a40, 0x000000006fc9cc10, 0x000000006fc9d630, 0x000000006fc9ef80,
0x000000006fc9b2c0, 0x000000006fc9b7d0, 0x000000006fc9e050, 0x000000006fc99970,
0x000000006fc98530, 0x000000006fc9e560, 0x000000006fc9f490, 0x000000006fc9f9a0,
0x000000006fc99460, 0x000000006f80c3f0, 0x000000006f80afb0, 0x000000006f80ec70,
0x000000006f80a080, 0x000000006f80c900, 0x000000006f80d830, 0x000000006f808220,
0x000000006f80f180, 0x000000006f80e760, 0x000000006f809150, 0x000000006f80e250,
0x000000006f80ce10, 0x000000006f80f690, 0x000000006f80d320, 0x000000006f80bee0,
0x000000006f80fba0, 0x000000006f80dd40, 0x000000006f809660, 0x000000006f808730
}

Java Threads: ( => current thread )
  0x0000000002aac700 JavaThread "main" [_thread_blocked, id=7920, stack(0x0000000002180000,0x0000000002280000)]
  0x0000000023a33c30 JavaThread "Reference Handler" daemon [_thread_blocked, id=22364, stack(0x0000000023d70000,0x0000000023e70000)]
  0x0000000023a34500 JavaThread "Finalizer" daemon [_thread_blocked, id=13080, stack(0x0000000023e70000,0x0000000023f70000)]
  0x0000000023a49a40 JavaThread "Signal Dispatcher" daemon [_thread_blocked, id=12436, stack(0x0000000069110000,0x0000000069210000)]
  0x0000000023a4a310 JavaThread "Attach Listener" daemon [_thread_blocked, id=8916, stack(0x0000000069210000,0x0000000069310000)]
  0x0000000023a4abe0 JavaThread "Service Thread" daemon [_thread_blocked, id=17680, stack(0x0000000069310000,0x0000000069410000)]
  0x0000000023a4b4b0 JavaThread "Monitor Deflation Thread" daemon [_thread_blocked, id=22524, stack(0x0000000069410000,0x0000000069510000)]
=>0x0000000023a4f660 JavaThread "C2 CompilerThread0" daemon [_thread_in_native, id=13404, stack(0x0000000069510000,0x0000000069610000)]
  0x0000000023a58030 JavaThread "C1 CompilerThread0" daemon [_thread_blocked, id=7516, stack(0x0000000069610000,0x0000000069710000)]
  0x0000000023a58940 JavaThread "Sweeper thread" daemon [_thread_blocked, id=12620, stack(0x0000000069710000,0x0000000069810000)]
  0x0000000023a1d050 JavaThread "Common-Cleaner" daemon [_thread_blocked, id=19948, stack(0x0000000069c10000,0x0000000069d10000)]
  0x00000000699a5d30 JavaThread "Notification Thread" daemon [_thread_blocked, id=6868, stack(0x0000000069d10000,0x0000000069e10000)]
  0x000000006b72f240 JavaThread "Daemon health stats" [_thread_blocked, id=17640, stack(0x000000006cdb0000,0x000000006ceb0000)]
  0x000000006b730170 JavaThread "Incoming local TCP Connector on port 60222" [_thread_in_native, id=11012, stack(0x000000006d4f0000,0x000000006d5f0000)]
  0x000000006b730680 JavaThread "Daemon periodic checks" [_thread_blocked, id=19152, stack(0x000000006d750000,0x000000006d850000)]
  0x000000006b72f750 JavaThread "Daemon" [_thread_blocked, id=872, stack(0x000000006d850000,0x000000006d950000)]
  0x000000006b72de00 JavaThread "Handler for socket connection from /127.0.0.1:60222 to /127.0.0.1:60223" [_thread_in_native, id=23224, stack(0x000000006d950000,0x000000006da50000)]
  0x000000006b72ed30 JavaThread "Cancel handler" [_thread_blocked, id=21284, stack(0x000000006da50000,0x000000006db50000)]
  0x000000006b730b90 JavaThread "Daemon worker" [_thread_blocked, id=14920, stack(0x000000006db50000,0x000000006dc50000)]
  0x000000006b7310a0 JavaThread "Asynchronous log dispatcher for DefaultDaemonConnection: socket connection from /127.0.0.1:60222 to /127.0.0.1:60223" [_thread_blocked, id=19780, stack(0x000000006dc50000,0x000000006dd50000)]
  0x000000006b7315b0 JavaThread "Stdin handler" [_thread_blocked, id=17400, stack(0x000000006dd50000,0x000000006de50000)]
  0x000000006b72e820 JavaThread "Daemon client event forwarder" [_thread_blocked, id=12380, stack(0x000000006de50000,0x000000006df50000)]
  0x000000006ca35d40 JavaThread "Cache worker for journal cache (C:\Users\Luppz\.gradle\caches\journal-1)" [_thread_blocked, id=12632, stack(0x000000006ef20000,0x000000006f020000)]
  0x000000006ca385c0 JavaThread "File lock request listener" [_thread_in_native, id=14292, stack(0x000000006f020000,0x000000006f120000)]
  0x000000006ca38ad0 JavaThread "Cache worker for file hash cache (C:\Users\Luppz\.gradle\caches\8.14.2\fileHashes)" [_thread_blocked, id=22988, stack(0x000000006f120000,0x000000006f220000)]
  0x000000006ca39a00 JavaThread "Cache worker for file hash cache (C:\Users\Luppz\IdeaProjects\doomsessentials\.gradle\8.14.2\fileHashes)" [_thread_blocked, id=22664, stack(0x00000000701f0000,0x00000000702f0000)]
  0x000000006ca37180 JavaThread "Cache worker for Build Output Cleanup Cache (C:\Users\Luppz\IdeaProjects\doomsessentials\.gradle\buildOutputCleanup)" [_thread_blocked, id=1136, stack(0x00000000702f0000,0x00000000703f0000)]
  0x000000006ca343f0 JavaThread "File watcher server" daemon [_thread_in_native, id=17576, stack(0x00000000717d0000,0x00000000718d0000)]
  0x000000006ca37690 JavaThread "File watcher consumer" daemon [_thread_in_Java, id=22032, stack(0x00000000718d0000,0x00000000719d0000)]
  0x000000006ca334c0 JavaThread "jar transforms" [_thread_blocked, id=11248, stack(0x0000000071ad0000,0x0000000071bd0000)]
  0x000000006ca32aa0 JavaThread "Cache worker for checksums cache (C:\Users\Luppz\IdeaProjects\doomsessentials\.gradle\8.14.2\checksums)" [_thread_blocked, id=19812, stack(0x0000000071e80000,0x0000000071f80000)]
  0x000000006ca37ba0 JavaThread "Cache worker for file content cache (C:\Users\Luppz\.gradle\caches\8.14.2\fileContent)" [_thread_blocked, id=440, stack(0x0000000071d20000,0x0000000071e20000)]
  0x000000006ca33ee0 JavaThread "Cache worker for cache directory md-supplier (C:\Users\Luppz\.gradle\caches\8.14.2\md-supplier)" [_thread_blocked, id=14588, stack(0x0000000071bd0000,0x0000000071cd0000)]
  0x000000006ca3a420 JavaThread "Cache worker for cache directory md-rule (C:\Users\Luppz\.gradle\caches\8.14.2\md-rule)" [_thread_blocked, id=17240, stack(0x0000000072f50000,0x0000000073050000)]
  0x000000006ca34900 JavaThread "Unconstrained build operations" [_thread_blocked, id=14696, stack(0x0000000073050000,0x0000000073150000)]
  0x000000006ca36250 JavaThread "Unconstrained build operations Thread 2" [_thread_blocked, id=16568, stack(0x0000000073150000,0x0000000073250000)]
  0x000000006ca34e10 JavaThread "Unconstrained build operations Thread 3" [_thread_blocked, id=17140, stack(0x0000000073370000,0x0000000073470000)]
  0x000000006ca36c70 JavaThread "Unconstrained build operations Thread 4" [_thread_blocked, id=5304, stack(0x00000000735b0000,0x00000000736b0000)]
  0x000000006ca380b0 JavaThread "Unconstrained build operations Thread 5" [_thread_blocked, id=11236, stack(0x00000000736b0000,0x00000000737b0000)]
  0x000000006ca32fb0 JavaThread "Unconstrained build operations Thread 6" [_thread_blocked, id=19144, stack(0x00000000737b0000,0x00000000738b0000)]
  0x000000006ca339d0 JavaThread "jar transforms Thread 2" [_thread_blocked, id=19064, stack(0x0000000073250000,0x0000000073350000)]
  0x000000006ca35320 JavaThread "jar transforms Thread 3" [_thread_blocked, id=7932, stack(0x0000000073470000,0x0000000073570000)]
  0x000000006ca35830 JavaThread "Unconstrained build operations Thread 7" [_thread_blocked, id=21184, stack(0x00000000738b0000,0x00000000739b0000)]
  0x000000006fe5e670 JavaThread "Unconstrained build operations Thread 8" [_thread_blocked, id=19808, stack(0x00000000739b0000,0x0000000073ab0000)]
  0x000000006fe5b3d0 JavaThread "Unconstrained build operations Thread 9" [_thread_blocked, id=21572, stack(0x0000000073ab0000,0x0000000073bb0000)]
  0x000000006fe59a80 JavaThread "Unconstrained build operations Thread 10" [_thread_blocked, id=14756, stack(0x0000000073bb0000,0x0000000073cb0000)]
  0x000000006fe5a4a0 JavaThread "Unconstrained build operations Thread 11" [_thread_blocked, id=17620, stack(0x0000000073cb0000,0x0000000073db0000)]
  0x000000006fe5b8e0 JavaThread "Unconstrained build operations Thread 12" [_thread_blocked, id=19884, stack(0x0000000073db0000,0x0000000073eb0000)]
  0x000000006fe5c810 JavaThread "Unconstrained build operations Thread 13" [_thread_blocked, id=8452, stack(0x0000000073eb0000,0x0000000073fb0000)]
  0x000000006fe5bdf0 JavaThread "Unconstrained build operations Thread 14" [_thread_blocked, id=15084, stack(0x0000000073fb0000,0x00000000740b0000)]
  0x000000006fe5a9b0 JavaThread "Unconstrained build operations Thread 15" [_thread_blocked, id=12552, stack(0x00000000740b0000,0x00000000741b0000)]
  0x000000006fe5aec0 JavaThread "Unconstrained build operations Thread 16" [_thread_blocked, id=1848, stack(0x00000000741b0000,0x00000000742b0000)]
  0x000000006fe5c300 JavaThread "Unconstrained build operations Thread 17" [_thread_blocked, id=17232, stack(0x00000000742b0000,0x00000000743b0000)]
  0x000000006fe5cd20 JavaThread "Unconstrained build operations Thread 18" [_thread_blocked, id=11144, stack(0x00000000743b0000,0x00000000744b0000)]
  0x000000006fe5d230 JavaThread "Unconstrained build operations Thread 19" [_thread_blocked, id=15476, stack(0x00000000744b0000,0x00000000745b0000)]
  0x000000006fe59f90 JavaThread "Unconstrained build operations Thread 20" [_thread_blocked, id=21552, stack(0x00000000745b0000,0x00000000746b0000)]
  0x000000006fe5f090 JavaThread "Unconstrained build operations Thread 21" [_thread_blocked, id=22688, stack(0x00000000746b0000,0x00000000747b0000)]
  0x000000006fe5dc50 JavaThread "Unconstrained build operations Thread 22" [_thread_blocked, id=12556, stack(0x00000000747b0000,0x00000000748b0000)]
  0x000000006fe604d0 JavaThread "Unconstrained build operations Thread 23" [_thread_blocked, id=2012, stack(0x00000000748b0000,0x00000000749b0000)]
  0x000000006fe5d740 JavaThread "Unconstrained build operations Thread 24" [_thread_blocked, id=21676, stack(0x0000000074c40000,0x0000000074d40000)]
  0x000000006fe5e160 JavaThread "Unconstrained build operations Thread 25" [_thread_blocked, id=10780, stack(0x0000000074d40000,0x0000000074e40000)]
  0x000000006fe5f5a0 JavaThread "Unconstrained build operations Thread 26" [_thread_blocked, id=19360, stack(0x0000000074e40000,0x0000000074f40000)]
  0x000000006fe5eb80 JavaThread "Unconstrained build operations Thread 27" [_thread_blocked, id=8744, stack(0x0000000074f40000,0x0000000075040000)]
  0x000000006fe5fab0 JavaThread "Unconstrained build operations Thread 28" [_thread_blocked, id=7160, stack(0x0000000075040000,0x0000000075140000)]
  0x000000006fe5ffc0 JavaThread "Unconstrained build operations Thread 29" [_thread_blocked, id=22068, stack(0x0000000074b00000,0x0000000074c00000)]
  0x000000006fe59060 JavaThread "Unconstrained build operations Thread 30" [_thread_blocked, id=6440, stack(0x00000000752b0000,0x00000000753b0000)]
  0x000000006fe609e0 JavaThread "Unconstrained build operations Thread 31" [_thread_blocked, id=14540, stack(0x00000000753b0000,0x00000000754b0000)]
  0x000000006fe59570 JavaThread "Unconstrained build operations Thread 32" [_thread_blocked, id=17024, stack(0x00000000754b0000,0x00000000755b0000)]
  0x0000000071120780 JavaThread "Unconstrained build operations Thread 33" [_thread_blocked, id=2844, stack(0x00000000749b0000,0x0000000074ab0000)]
  0x000000007111f850 JavaThread "Unconstrained build operations Thread 34" [_thread_blocked, id=21700, stack(0x0000000075720000,0x0000000075820000)]
  0x00000000711225e0 JavaThread "Unconstrained build operations Thread 35" [_thread_blocked, id=19684, stack(0x0000000075820000,0x0000000075920000)]
  0x000000007111e410 JavaThread "Unconstrained build operations Thread 36" [_thread_blocked, id=14260, stack(0x0000000075920000,0x0000000075a20000)]
  0x0000000071123000 JavaThread "Unconstrained build operations Thread 37" [_thread_blocked, id=19160, stack(0x0000000075a20000,0x0000000075b20000)]
  0x0000000071123a20 JavaThread "Unconstrained build operations Thread 38" [_thread_blocked, id=22036, stack(0x0000000075b20000,0x0000000075c20000)]
  0x0000000071123510 JavaThread "Unconstrained build operations Thread 39" [_thread_blocked, id=13596, stack(0x0000000075c20000,0x0000000075d20000)]
  0x000000007111d9f0 JavaThread "Memory manager" [_thread_blocked, id=14000, stack(0x0000000075140000,0x0000000075240000)]
  0x000000007111fd60 JavaThread "Problems report writer" [_thread_blocked, id=7804, stack(0x0000000075d20000,0x0000000075e20000)]
  0x0000000071120c90 JavaThread "jar transforms Thread 4" [_thread_blocked, id=4220, stack(0x00000000760d0000,0x00000000761d0000)]
  0x0000000071120270 JavaThread "Unconstrained build operations Thread 40" [_thread_blocked, id=20576, stack(0x0000000075fb0000,0x00000000760b0000)]
  0x000000007111cfd0 JavaThread "Unconstrained build operations Thread 41" [_thread_blocked, id=18592, stack(0x00000000764d0000,0x00000000765d0000)]
  0x000000007111ee30 JavaThread "Unconstrained build operations Thread 42" [_thread_blocked, id=4564, stack(0x00000000765d0000,0x00000000766d0000)]
  0x00000000711216b0 JavaThread "Unconstrained build operations Thread 43" [_thread_blocked, id=4528, stack(0x00000000766d0000,0x00000000767d0000)]
  0x00000000711220d0 JavaThread "Unconstrained build operations Thread 44" [_thread_blocked, id=16752, stack(0x00000000767d0000,0x00000000768d0000)]
  0x000000007111c5b0 JavaThread "Unconstrained build operations Thread 45" [_thread_blocked, id=5336, stack(0x0000000075e20000,0x0000000075f20000)]
  0x0000000071121bc0 JavaThread "Unconstrained build operations Thread 46" [_thread_blocked, id=22028, stack(0x00000000768d0000,0x00000000769d0000)]
  0x0000000071122af0 JavaThread "Unconstrained build operations Thread 47" [_thread_blocked, id=21804, stack(0x00000000769d0000,0x0000000076ad0000)]
  0x000000007111f340 JavaThread "Unconstrained build operations Thread 48" [_thread_blocked, id=16796, stack(0x00000000755b0000,0x00000000756b0000)]
  0x000000006b72fc60 JavaThread "Unconstrained build operations Thread 49" [_thread_blocked, id=740, stack(0x00000000762d0000,0x00000000763d0000)]
  0x000000006f865750 JavaThread "Unconstrained build operations Thread 50" [_thread_blocked, id=16464, stack(0x00000000763d0000,0x00000000764d0000)]
  0x000000006f8689f0 JavaThread "Unconstrained build operations Thread 51" [_thread_blocked, id=16460, stack(0x0000000076ad0000,0x0000000076bd0000)]
  0x000000006f866680 JavaThread "Unconstrained build operations Thread 52" [_thread_blocked, id=12584, stack(0x0000000076bd0000,0x0000000076cd0000)]
  0x000000006f865240 JavaThread "Unconstrained build operations Thread 53" [_thread_blocked, id=2328, stack(0x0000000078370000,0x0000000078470000)]
  0x000000006f862ed0 JavaThread "Unconstrained build operations Thread 54" [_thread_blocked, id=13888, stack(0x0000000078470000,0x0000000078570000)]
  0x000000006f8675b0 JavaThread "Unconstrained build operations Thread 55" [_thread_blocked, id=6340, stack(0x0000000078570000,0x0000000078670000)]
  0x000000006f864820 JavaThread "Unconstrained build operations Thread 56" [_thread_blocked, id=2228, stack(0x0000000078670000,0x0000000078770000)]
  0x000000006f8629c0 JavaThread "Unconstrained build operations Thread 57" [_thread_blocked, id=4504, stack(0x0000000078770000,0x0000000078870000)]
  0x000000006f865c60 JavaThread "Unconstrained build operations Thread 58" [_thread_blocked, id=19260, stack(0x0000000078870000,0x0000000078970000)]
  0x000000006f866170 JavaThread "jar transforms Thread 5" [_thread_blocked, id=7984, stack(0x000000007a1b0000,0x000000007a2b0000)]
  0x000000006f8633e0 JavaThread "jar transforms Thread 6" [_thread_blocked, id=22348, stack(0x000000007a080000,0x000000007a180000)]
  0x000000006f8624b0 JavaThread "Unconstrained build operations Thread 59" [_thread_blocked, id=20340, stack(0x000000007b670000,0x000000007b770000)]
  0x000000006f8670a0 JavaThread "Unconstrained build operations Thread 60" [_thread_blocked, id=18920, stack(0x000000007b770000,0x000000007b870000)]
  0x000000006f866b90 JavaThread "Unconstrained build operations Thread 61" [_thread_blocked, id=19712, stack(0x000000007b870000,0x000000007b970000)]
  0x000000006f867fd0 JavaThread "Unconstrained build operations Thread 62" [_thread_blocked, id=8240, stack(0x000000007b470000,0x000000007b570000)]
  0x000000006f8638f0 JavaThread "Unconstrained build operations Thread 63" [_thread_blocked, id=11784, stack(0x000000007b570000,0x000000007b670000)]
  0x000000006f861a90 JavaThread "Unconstrained build operations Thread 64" [_thread_blocked, id=21836, stack(0x000000007bb90000,0x000000007bc90000)]
  0x000000006f863e00 JavaThread "Unconstrained build operations Thread 65" [_thread_blocked, id=22308, stack(0x000000007bc90000,0x000000007bd90000)]
  0x000000006f8684e0 JavaThread "Unconstrained build operations Thread 66" [_thread_blocked, id=12012, stack(0x000000007bd90000,0x000000007be90000)]
  0x000000006f868f00 JavaThread "Unconstrained build operations Thread 67" [_thread_blocked, id=13068, stack(0x000000007be90000,0x000000007bf90000)]
  0x000000006f869410 JavaThread "Unconstrained build operations Thread 68" [_thread_blocked, id=1644, stack(0x000000007bf90000,0x000000007c090000)]
  0x000000006f864d30 JavaThread "Unconstrained build operations Thread 69" [_thread_blocked, id=22420, stack(0x000000007c090000,0x000000007c190000)]
  0x000000006f864310 JavaThread "Unconstrained build operations Thread 70" [_thread_blocked, id=22256, stack(0x000000007c190000,0x000000007c290000)]
  0x000000006f861fa0 JavaThread "Unconstrained build operations Thread 71" [_thread_blocked, id=20872, stack(0x000000007c290000,0x000000007c390000)]
  0x000000006fc99e80 JavaThread "Unconstrained build operations Thread 72" [_thread_blocked, id=1820, stack(0x000000007c390000,0x000000007c490000)]
  0x000000006fc9ea70 JavaThread "ForkJoinPool.commonPool-worker-1" daemon [_thread_blocked, id=20196, stack(0x000000007c490000,0x000000007c590000)]
  0x000000006fc9bce0 JavaThread "ForkJoinPool.commonPool-worker-2" daemon [_thread_blocked, id=17436, stack(0x000000007c590000,0x000000007c690000)]
  0x000000006fc98f50 JavaThread "ForkJoinPool.commonPool-worker-3" daemon [_thread_blocked, id=22872, stack(0x000000007c690000,0x000000007c790000)]
  0x000000006fc9a390 JavaThread "ForkJoinPool.commonPool-worker-4" daemon [_thread_blocked, id=19048, stack(0x000000007c790000,0x000000007c890000)]
  0x000000006fc9c1f0 JavaThread "ForkJoinPool.commonPool-worker-5" daemon [_thread_blocked, id=22672, stack(0x000000007c890000,0x000000007c990000)]
  0x000000006fc9db40 JavaThread "ForkJoinPool.commonPool-worker-6" daemon [_thread_blocked, id=22856, stack(0x000000007c990000,0x000000007ca90000)]
  0x000000006fc9a8a0 JavaThread "ForkJoinPool.commonPool-worker-7" daemon [_thread_blocked, id=14740, stack(0x000000007ca90000,0x000000007cb90000)]
  0x000000006fc9d120 JavaThread "ForkJoinPool.commonPool-worker-8" daemon [_thread_blocked, id=5212, stack(0x000000007cb90000,0x000000007cc90000)]
  0x000000006fc9adb0 JavaThread "ForkJoinPool.commonPool-worker-9" daemon [_thread_blocked, id=3172, stack(0x000000007cc90000,0x000000007cd90000)]
  0x000000006fc9c700 JavaThread "ForkJoinPool.commonPool-worker-10" daemon [_thread_blocked, id=18896, stack(0x000000007cd90000,0x000000007ce90000)]
  0x000000006fc98020 JavaThread "ForkJoinPool.commonPool-worker-11" daemon [_thread_blocked, id=14512, stack(0x000000007ce90000,0x000000007cf90000)]
  0x000000006fc98a40 JavaThread "Exec process" [_thread_blocked, id=9184, stack(0x000000007b280000,0x000000007b380000)]
  0x000000006fc9cc10 JavaThread "Exec process Thread 2" [_thread_blocked, id=20008, stack(0x000000007b970000,0x000000007ba70000)]
  0x000000006fc9d630 JavaThread "Exec process Thread 3" [_thread_blocked, id=4332, stack(0x000000007ba70000,0x000000007bb70000)]
  0x000000006fc9ef80 JavaThread "included builds" [_thread_blocked, id=18892, stack(0x000000007cf90000,0x000000007d090000)]
  0x000000006fc9b2c0 JavaThread "Execution worker" [_thread_blocked, id=22972, stack(0x000000007d090000,0x000000007d190000)]
  0x000000006fc9b7d0 JavaThread "Execution worker Thread 2" [_thread_blocked, id=19184, stack(0x000000007d190000,0x000000007d290000)]
  0x000000006fc9e050 JavaThread "Execution worker Thread 3" [_thread_blocked, id=2472, stack(0x000000007d290000,0x000000007d390000)]
  0x000000006fc99970 JavaThread "Execution worker Thread 4" [_thread_blocked, id=10368, stack(0x000000007d390000,0x000000007d490000)]
  0x000000006fc98530 JavaThread "Execution worker Thread 5" [_thread_blocked, id=20940, stack(0x000000007d490000,0x000000007d590000)]
  0x000000006fc9e560 JavaThread "Execution worker Thread 6" [_thread_blocked, id=23516, stack(0x000000007d590000,0x000000007d690000)]
  0x000000006fc9f490 JavaThread "Execution worker Thread 7" [_thread_blocked, id=18676, stack(0x000000007d690000,0x000000007d790000)]
  0x000000006fc9f9a0 JavaThread "Execution worker Thread 8" [_thread_blocked, id=20024, stack(0x000000007d790000,0x000000007d890000)]
  0x000000006fc99460 JavaThread "Execution worker Thread 9" [_thread_blocked, id=19128, stack(0x000000007d890000,0x000000007d990000)]
  0x000000006f80c3f0 JavaThread "Execution worker Thread 10" [_thread_blocked, id=18560, stack(0x000000007d990000,0x000000007da90000)]
  0x000000006f80afb0 JavaThread "Execution worker Thread 11" [_thread_blocked, id=16532, stack(0x000000007da90000,0x000000007db90000)]
  0x000000006f80ec70 JavaThread "Cache worker for execution history cache (C:\Users\Luppz\IdeaProjects\doomsessentials\.gradle\8.14.2\executionHistory)" [_thread_blocked, id=22040, stack(0x000000007db90000,0x000000007dc90000)]
  0x000000006f80a080 JavaThread "Unconstrained build operations Thread 73" [_thread_blocked, id=17148, stack(0x000000007e440000,0x000000007e540000)]
  0x000000006f80c900 JavaThread "Unconstrained build operations Thread 74" [_thread_blocked, id=3288, stack(0x000000007e540000,0x000000007e640000)]
  0x000000006f80d830 JavaThread "Unconstrained build operations Thread 75" [_thread_blocked, id=22968, stack(0x000000007e640000,0x000000007e740000)]
  0x000000006f808220 JavaThread "Unconstrained build operations Thread 76" [_thread_blocked, id=13832, stack(0x000000007e740000,0x000000007e840000)]
  0x000000006f80f180 JavaThread "Unconstrained build operations Thread 77" [_thread_blocked, id=13220, stack(0x000000007dc90000,0x000000007dd90000)]
  0x000000006f80e760 JavaThread "Unconstrained build operations Thread 78" [_thread_blocked, id=2484, stack(0x000000007dd90000,0x000000007de90000)]
  0x000000006f809150 JavaThread "Unconstrained build operations Thread 79" [_thread_blocked, id=19928, stack(0x000000007de90000,0x000000007df90000)]
  0x000000006f80e250 JavaThread "Unconstrained build operations Thread 80" [_thread_blocked, id=7048, stack(0x000000007df90000,0x000000007e090000)]
  0x000000006f80ce10 JavaThread "Unconstrained build operations Thread 81" [_thread_blocked, id=13176, stack(0x000000007e090000,0x000000007e190000)]
  0x000000006f80f690 JavaThread "Unconstrained build operations Thread 82" [_thread_blocked, id=19844, stack(0x000000007e190000,0x000000007e290000)]
  0x000000006f80d320 JavaThread "Unconstrained build operations Thread 83" [_thread_blocked, id=16148, stack(0x000000007e290000,0x000000007e390000)]
  0x000000006f80bee0 JavaThread "Unconstrained build operations Thread 84" [_thread_blocked, id=18668, stack(0x0000000085b30000,0x0000000085c30000)]
  0x000000006f80fba0 JavaThread "Unconstrained build operations Thread 85" [_thread_blocked, id=20580, stack(0x0000000085c30000,0x0000000085d30000)]
  0x000000006f80dd40 JavaThread "Exec process" [_thread_in_native, id=13316, stack(0x0000000085d30000,0x0000000085e30000)]
  0x000000006f809660 JavaThread "Exec process Thread 2" [_thread_in_native, id=19704, stack(0x0000000085e30000,0x0000000085f30000)]
  0x000000006f808730 JavaThread "Exec process Thread 3" [_thread_in_native, id=21204, stack(0x0000000085f30000,0x0000000086030000)]

Other Threads:
  0x0000000023a2ff70 VMThread "VM Thread" [stack: 0x0000000023c70000,0x0000000023d70000] [id=23356]
  0x0000000002b1ff50 WatcherThread [stack: 0x0000000069e10000,0x0000000069f10000] [id=23428]
  0x0000000002b064a0 GCTaskThread "GC Thread#0" [stack: 0x0000000020ac0000,0x0000000020bc0000] [id=13324]
  0x0000000069ac80a0 GCTaskThread "GC Thread#1" [stack: 0x000000006a810000,0x000000006a910000] [id=1852]
  0x000000006a2598a0 GCTaskThread "GC Thread#2" [stack: 0x000000006a910000,0x000000006aa10000] [id=20200]
  0x000000006a259b60 GCTaskThread "GC Thread#3" [stack: 0x000000006aa10000,0x000000006ab10000] [id=22912]
  0x000000006a259e20 GCTaskThread "GC Thread#4" [stack: 0x000000006ab10000,0x000000006ac10000] [id=12008]
  0x000000006a25a4f0 GCTaskThread "GC Thread#5" [stack: 0x000000006ac10000,0x000000006ad10000] [id=23380]
  0x000000006c4ff610 GCTaskThread "GC Thread#6" [stack: 0x000000006ceb0000,0x000000006cfb0000] [id=8020]
  0x000000006be70c30 GCTaskThread "GC Thread#7" [stack: 0x000000006cfb0000,0x000000006d0b0000] [id=22756]
  0x0000000070116790 GCTaskThread "GC Thread#8" [stack: 0x00000000703f0000,0x00000000704f0000] [id=14960]
  0x000000006e2ca460 GCTaskThread "GC Thread#9" [stack: 0x00000000704f0000,0x00000000705f0000] [id=13612]
  0x0000000002b140b0 ConcurrentGCThread "G1 Main Marker" [stack: 0x0000000020bc0000,0x0000000020cc0000] [id=17832]
  0x0000000002b14f10 ConcurrentGCThread "G1 Conc#0" [stack: 0x0000000020cc0000,0x0000000020dc0000] [id=8912]
  0x000000006cd58010 ConcurrentGCThread "G1 Conc#1" [stack: 0x00000000715d0000,0x00000000716d0000] [id=15184]
  0x000000006f23ae30 ConcurrentGCThread "G1 Conc#2" [stack: 0x00000000716d0000,0x00000000717d0000] [id=20448]
  0x0000000002b726f0 ConcurrentGCThread "G1 Refine#0" [stack: 0x0000000023a70000,0x0000000023b70000] [id=14332]
  0x000000006ecb8800 ConcurrentGCThread "G1 Refine#1" [stack: 0x00000000719d0000,0x0000000071ad0000] [id=1368]
  0x00000000238f20d0 ConcurrentGCThread "G1 Service" [stack: 0x0000000023b70000,0x0000000023c70000] [id=2036]

Threads with active compile tasks:
C2 CompilerThread0    18331 10936       4       org.gradle.internal.snapshot.AbstractListChildMap$$Lambda$931/0x000000002562efa0::compareTo (16 bytes)

VM state: not at safepoint (normal execution)

VM Mutex/Monitor currently owned by a thread: None

Heap address: 0x0000000740000000, size: 3072 MB, Compressed Oops mode: Zero based, Oop shift amount: 3

CDS archive(s) mapped at: [0x0000000024000000-0x0000000024bd0000-0x0000000024bd0000), size 12386304, SharedBaseAddress: 0x0000000024000000, ArchiveRelocationMode: 1.
Compressed class space mapped at: 0x0000000025000000-0x0000000065000000, reserved size: 1073741824
Narrow klass base: 0x0000000024000000, Narrow klass shift: 0, Narrow klass range: 0x100000000

GC Precious Log:
 CPUs: 12 total, 12 available
 Memory: 16309M
 Large Page Support: Disabled
 NUMA Support: Disabled
 Compressed Oops: Enabled (Zero based)
 Heap Region Size: 2M
 Heap Min Capacity: 8M
 Heap Initial Capacity: 256M
 Heap Max Capacity: 3G
 Pre-touch: Disabled
 Parallel Workers: 10
 Concurrent Workers: 3
 Concurrent Refinement Workers: 10
 Periodic GC: Disabled

Heap:
 garbage-first heap   total 661504K, used 97822K [0x0000000740000000, 0x0000000800000000)
  region size 2048K, 11 young (22528K), 4 survivors (8192K)
 Metaspace       used 73233K, committed 73920K, reserved 1114112K
  class space    used 10117K, committed 10432K, reserved 1048576K

Heap Regions: E=young(eden), S=young(survivor), O=old, HS=humongous(starts), HC=humongous(continues), CS=collection set, F=free, OA=open archive, CA=closed archive, TAMS=top-at-mark-start (previous, next)
|   0|0x0000000740000000, 0x0000000740200000, 0x0000000740200000|100%|HS|  |TAMS 0x0000000740200000, 0x0000000740200000| Complete 
|   1|0x0000000740200000, 0x0000000740400000, 0x0000000740400000|100%|HC|  |TAMS 0x0000000740400000, 0x0000000740400000| Complete 
|   2|0x0000000740400000, 0x0000000740600000, 0x0000000740600000|100%| O|  |TAMS 0x0000000740600000, 0x0000000740600000| Untracked 
|   3|0x0000000740600000, 0x0000000740800000, 0x0000000740800000|100%| O|  |TAMS 0x0000000740800000, 0x0000000740800000| Untracked 
|   4|0x0000000740800000, 0x0000000740a00000, 0x0000000740a00000|100%| O|  |TAMS 0x0000000740a00000, 0x0000000740a00000| Untracked 
|   5|0x0000000740a00000, 0x0000000740c00000, 0x0000000740c00000|100%| O|  |TAMS 0x0000000740c00000, 0x0000000740c00000| Untracked 
|   6|0x0000000740c00000, 0x0000000740e00000, 0x0000000740e00000|100%| O|  |TAMS 0x0000000740e00000, 0x0000000740e00000| Untracked 
|   7|0x0000000740e00000, 0x0000000741000000, 0x0000000741000000|100%| O|  |TAMS 0x0000000741000000, 0x0000000741000000| Untracked 
|   8|0x0000000741000000, 0x0000000741200000, 0x0000000741200000|100%| O|  |TAMS 0x0000000741200000, 0x0000000741200000| Untracked 
|   9|0x0000000741200000, 0x0000000741400000, 0x0000000741400000|100%| O|  |TAMS 0x0000000741400000, 0x0000000741400000| Untracked 
|  10|0x0000000741400000, 0x0000000741600000, 0x0000000741600000|100%| O|  |TAMS 0x0000000741600000, 0x0000000741600000| Untracked 
|  11|0x0000000741600000, 0x0000000741800000, 0x0000000741800000|100%| O|  |TAMS 0x0000000741800000, 0x0000000741800000| Untracked 
|  12|0x0000000741800000, 0x0000000741a00000, 0x0000000741a00000|100%| O|  |TAMS 0x0000000741a00000, 0x0000000741a00000| Untracked 
|  13|0x0000000741a00000, 0x0000000741c00000, 0x0000000741c00000|100%| O|  |TAMS 0x0000000741c00000, 0x0000000741c00000| Untracked 
|  14|0x0000000741c00000, 0x0000000741e00000, 0x0000000741e00000|100%|HS|  |TAMS 0x0000000741e00000, 0x0000000741e00000| Complete 
|  15|0x0000000741e00000, 0x0000000742000000, 0x0000000742000000|100%| O|  |TAMS 0x0000000742000000, 0x0000000742000000| Untracked 
|  16|0x0000000742000000, 0x0000000742000000, 0x0000000742200000|  0%| F|  |TAMS 0x0000000742000000, 0x0000000742000000| Untracked 
|  17|0x0000000742200000, 0x0000000742400000, 0x0000000742400000|100%| O|  |TAMS 0x0000000742322000, 0x0000000742400000| Untracked 
|  18|0x0000000742400000, 0x0000000742600000, 0x0000000742600000|100%| O|  |TAMS 0x0000000742400000, 0x0000000742600000| Untracked 
|  19|0x0000000742600000, 0x0000000742800000, 0x0000000742800000|100%| O|  |TAMS 0x0000000742600000, 0x0000000742800000| Untracked 
|  20|0x0000000742800000, 0x0000000742a00000, 0x0000000742a00000|100%| O|  |TAMS 0x0000000742800000, 0x0000000742a00000| Untracked 
|  21|0x0000000742a00000, 0x0000000742c00000, 0x0000000742c00000|100%| O|  |TAMS 0x0000000742a00000, 0x0000000742c00000| Untracked 
|  22|0x0000000742c00000, 0x0000000742e00000, 0x0000000742e00000|100%| O|  |TAMS 0x0000000742c00000, 0x0000000742e00000| Untracked 
|  23|0x0000000742e00000, 0x0000000743000000, 0x0000000743000000|100%|HS|  |TAMS 0x0000000742e00000, 0x0000000742e00000| Complete 
|  24|0x0000000743000000, 0x0000000743200000, 0x0000000743200000|100%|HC|  |TAMS 0x0000000743000000, 0x0000000743000000| Complete 
|  25|0x0000000743200000, 0x0000000743200000, 0x0000000743400000|  0%| F|  |TAMS 0x0000000743200000, 0x0000000743200000| Untracked 
|  26|0x0000000743400000, 0x0000000743400000, 0x0000000743600000|  0%| F|  |TAMS 0x0000000743400000, 0x0000000743400000| Untracked 
|  27|0x0000000743600000, 0x0000000743800000, 0x0000000743800000|100%| O|  |TAMS 0x0000000743600000, 0x0000000743800000| Untracked 
|  28|0x0000000743800000, 0x0000000743a00000, 0x0000000743a00000|100%| O|  |TAMS 0x0000000743800000, 0x0000000743a00000| Untracked 
|  29|0x0000000743a00000, 0x0000000743c00000, 0x0000000743c00000|100%| O|  |TAMS 0x0000000743a00000, 0x0000000743c00000| Untracked 
|  30|0x0000000743c00000, 0x0000000743e00000, 0x0000000743e00000|100%| O|  |TAMS 0x0000000743c00000, 0x0000000743e00000| Untracked 
|  31|0x0000000743e00000, 0x0000000744000000, 0x0000000744000000|100%| O|  |TAMS 0x0000000743e00000, 0x0000000744000000| Untracked 
|  32|0x0000000744000000, 0x0000000744200000, 0x0000000744200000|100%| O|  |TAMS 0x0000000744000000, 0x0000000744200000| Untracked 
|  33|0x0000000744200000, 0x0000000744400000, 0x0000000744400000|100%| O|  |TAMS 0x0000000744200000, 0x0000000744400000| Untracked 
|  34|0x0000000744400000, 0x0000000744600000, 0x0000000744600000|100%| O|  |TAMS 0x0000000744400000, 0x0000000744600000| Untracked 
|  35|0x0000000744600000, 0x0000000744800000, 0x0000000744800000|100%| O|  |TAMS 0x0000000744600000, 0x0000000744800000| Untracked 
|  36|0x0000000744800000, 0x0000000744800000, 0x0000000744a00000|  0%| F|  |TAMS 0x0000000744800000, 0x0000000744800000| Untracked 
|  37|0x0000000744a00000, 0x0000000744a00000, 0x0000000744c00000|  0%| F|  |TAMS 0x0000000744a00000, 0x0000000744a00000| Untracked 
|  38|0x0000000744c00000, 0x0000000744c00000, 0x0000000744e00000|  0%| F|  |TAMS 0x0000000744c00000, 0x0000000744c00000| Untracked 
|  39|0x0000000744e00000, 0x0000000744e00000, 0x0000000745000000|  0%| F|  |TAMS 0x0000000744e00000, 0x0000000744e00000| Untracked 
|  40|0x0000000745000000, 0x0000000745000000, 0x0000000745200000|  0%| F|  |TAMS 0x0000000745000000, 0x0000000745000000| Untracked 
|  41|0x0000000745200000, 0x0000000745200000, 0x0000000745400000|  0%| F|  |TAMS 0x0000000745200000, 0x0000000745200000| Untracked 
|  42|0x0000000745400000, 0x0000000745400000, 0x0000000745600000|  0%| F|  |TAMS 0x0000000745400000, 0x0000000745400000| Untracked 
|  43|0x0000000745600000, 0x0000000745800000, 0x0000000745800000|100%| O|  |TAMS 0x0000000745600000, 0x0000000745800000| Untracked 
|  44|0x0000000745800000, 0x0000000745a00000, 0x0000000745a00000|100%| O|  |TAMS 0x0000000745800000, 0x0000000745a00000| Untracked 
|  45|0x0000000745a00000, 0x0000000745c00000, 0x0000000745c00000|100%| O|  |TAMS 0x0000000745a00000, 0x0000000745c00000| Untracked 
|  46|0x0000000745c00000, 0x0000000745c00000, 0x0000000745e00000|  0%| F|  |TAMS 0x0000000745c00000, 0x0000000745c00000| Untracked 
|  47|0x0000000745e00000, 0x0000000745e00000, 0x0000000746000000|  0%| F|  |TAMS 0x0000000745e00000, 0x0000000745e00000| Untracked 
|  48|0x0000000746000000, 0x0000000746000000, 0x0000000746200000|  0%| F|  |TAMS 0x0000000746000000, 0x0000000746000000| Untracked 
|  49|0x0000000746200000, 0x0000000746200000, 0x0000000746400000|  0%| F|  |TAMS 0x0000000746200000, 0x0000000746200000| Untracked 
|  50|0x0000000746400000, 0x0000000746400000, 0x0000000746600000|  0%| F|  |TAMS 0x0000000746400000, 0x0000000746400000| Untracked 
|  51|0x0000000746600000, 0x0000000746600000, 0x0000000746800000|  0%| F|  |TAMS 0x0000000746600000, 0x0000000746600000| Untracked 
|  52|0x0000000746800000, 0x0000000746a00000, 0x0000000746a00000|100%| O|  |TAMS 0x0000000746800000, 0x0000000746a00000| Untracked 
|  53|0x0000000746a00000, 0x0000000746bc3200, 0x0000000746c00000| 88%| O|  |TAMS 0x0000000746a00000, 0x0000000746bc3200| Untracked 
|  54|0x0000000746c00000, 0x0000000746c00000, 0x0000000746e00000|  0%| F|  |TAMS 0x0000000746c00000, 0x0000000746c00000| Untracked 
|  55|0x0000000746e00000, 0x0000000746e00000, 0x0000000747000000|  0%| F|  |TAMS 0x0000000746e00000, 0x0000000746e00000| Untracked 
|  56|0x0000000747000000, 0x0000000747000000, 0x0000000747200000|  0%| F|  |TAMS 0x0000000747000000, 0x0000000747000000| Untracked 
|  57|0x0000000747200000, 0x0000000747200000, 0x0000000747400000|  0%| F|  |TAMS 0x0000000747200000, 0x0000000747200000| Untracked 
|  58|0x0000000747400000, 0x0000000747400000, 0x0000000747600000|  0%| F|  |TAMS 0x0000000747400000, 0x0000000747400000| Untracked 
|  59|0x0000000747600000, 0x0000000747600000, 0x0000000747800000|  0%| F|  |TAMS 0x0000000747600000, 0x0000000747600000| Untracked 
|  60|0x0000000747800000, 0x0000000747800000, 0x0000000747a00000|  0%| F|  |TAMS 0x0000000747800000, 0x0000000747800000| Untracked 
|  61|0x0000000747a00000, 0x0000000747a00000, 0x0000000747c00000|  0%| F|  |TAMS 0x0000000747a00000, 0x0000000747a00000| Untracked 
|  62|0x0000000747c00000, 0x0000000747c00000, 0x0000000747e00000|  0%| F|  |TAMS 0x0000000747c00000, 0x0000000747c00000| Untracked 
|  63|0x0000000747e00000, 0x0000000747e00000, 0x0000000748000000|  0%| F|  |TAMS 0x0000000747e00000, 0x0000000747e00000| Untracked 
|  64|0x0000000748000000, 0x0000000748000000, 0x0000000748200000|  0%| F|  |TAMS 0x0000000748000000, 0x0000000748000000| Untracked 
|  65|0x0000000748200000, 0x0000000748200000, 0x0000000748400000|  0%| F|  |TAMS 0x0000000748200000, 0x0000000748200000| Untracked 
|  66|0x0000000748400000, 0x0000000748400000, 0x0000000748600000|  0%| F|  |TAMS 0x0000000748400000, 0x0000000748400000| Untracked 
|  67|0x0000000748600000, 0x0000000748600000, 0x0000000748800000|  0%| F|  |TAMS 0x0000000748600000, 0x0000000748600000| Untracked 
|  68|0x0000000748800000, 0x0000000748800000, 0x0000000748a00000|  0%| F|  |TAMS 0x0000000748800000, 0x0000000748800000| Untracked 
|  69|0x0000000748a00000, 0x0000000748a00000, 0x0000000748c00000|  0%| F|  |TAMS 0x0000000748a00000, 0x0000000748a00000| Untracked 
|  70|0x0000000748c00000, 0x0000000748c00000, 0x0000000748e00000|  0%| F|  |TAMS 0x0000000748c00000, 0x0000000748c00000| Untracked 
|  71|0x0000000748e00000, 0x0000000748e00000, 0x0000000749000000|  0%| F|  |TAMS 0x0000000748e00000, 0x0000000748e00000| Untracked 
|  72|0x0000000749000000, 0x0000000749000000, 0x0000000749200000|  0%| F|  |TAMS 0x0000000749000000, 0x0000000749000000| Untracked 
|  73|0x0000000749200000, 0x0000000749200000, 0x0000000749400000|  0%| F|  |TAMS 0x0000000749200000, 0x0000000749200000| Untracked 
|  74|0x0000000749400000, 0x0000000749400000, 0x0000000749600000|  0%| F|  |TAMS 0x0000000749400000, 0x0000000749400000| Untracked 
|  75|0x0000000749600000, 0x0000000749600000, 0x0000000749800000|  0%| F|  |TAMS 0x0000000749600000, 0x0000000749600000| Untracked 
|  76|0x0000000749800000, 0x0000000749800000, 0x0000000749a00000|  0%| F|  |TAMS 0x0000000749800000, 0x0000000749800000| Untracked 
|  77|0x0000000749a00000, 0x0000000749a00000, 0x0000000749c00000|  0%| F|  |TAMS 0x0000000749a00000, 0x0000000749a00000| Untracked 
|  78|0x0000000749c00000, 0x0000000749c00000, 0x0000000749e00000|  0%| F|  |TAMS 0x0000000749c00000, 0x0000000749c00000| Untracked 
|  79|0x0000000749e00000, 0x0000000749e00000, 0x000000074a000000|  0%| F|  |TAMS 0x0000000749e00000, 0x0000000749e00000| Untracked 
|  80|0x000000074a000000, 0x000000074a000000, 0x000000074a200000|  0%| F|  |TAMS 0x000000074a000000, 0x000000074a000000| Untracked 
|  81|0x000000074a200000, 0x000000074a200000, 0x000000074a400000|  0%| F|  |TAMS 0x000000074a200000, 0x000000074a200000| Untracked 
|  82|0x000000074a400000, 0x000000074a400000, 0x000000074a600000|  0%| F|  |TAMS 0x000000074a400000, 0x000000074a400000| Untracked 
|  83|0x000000074a600000, 0x000000074a600000, 0x000000074a800000|  0%| F|  |TAMS 0x000000074a600000, 0x000000074a600000| Untracked 
|  84|0x000000074a800000, 0x000000074a800000, 0x000000074aa00000|  0%| F|  |TAMS 0x000000074a800000, 0x000000074a800000| Untracked 
|  85|0x000000074aa00000, 0x000000074aa00000, 0x000000074ac00000|  0%| F|  |TAMS 0x000000074aa00000, 0x000000074aa00000| Untracked 
|  86|0x000000074ac00000, 0x000000074ac00000, 0x000000074ae00000|  0%| F|  |TAMS 0x000000074ac00000, 0x000000074ac00000| Untracked 
|  87|0x000000074ae00000, 0x000000074ae00000, 0x000000074b000000|  0%| F|  |TAMS 0x000000074ae00000, 0x000000074ae00000| Untracked 
|  88|0x000000074b000000, 0x000000074b000000, 0x000000074b200000|  0%| F|  |TAMS 0x000000074b000000, 0x000000074b000000| Untracked 
|  89|0x000000074b200000, 0x000000074b200000, 0x000000074b400000|  0%| F|  |TAMS 0x000000074b200000, 0x000000074b200000| Untracked 
|  90|0x000000074b400000, 0x000000074b400000, 0x000000074b600000|  0%| F|  |TAMS 0x000000074b400000, 0x000000074b400000| Untracked 
|  91|0x000000074b600000, 0x000000074b600000, 0x000000074b800000|  0%| F|  |TAMS 0x000000074b600000, 0x000000074b600000| Untracked 
|  92|0x000000074b800000, 0x000000074b800000, 0x000000074ba00000|  0%| F|  |TAMS 0x000000074b800000, 0x000000074b800000| Untracked 
|  93|0x000000074ba00000, 0x000000074ba00000, 0x000000074bc00000|  0%| F|  |TAMS 0x000000074ba00000, 0x000000074ba00000| Untracked 
|  94|0x000000074bc00000, 0x000000074bc00000, 0x000000074be00000|  0%| F|  |TAMS 0x000000074bc00000, 0x000000074bc00000| Untracked 
|  95|0x000000074be00000, 0x000000074be00000, 0x000000074c000000|  0%| F|  |TAMS 0x000000074be00000, 0x000000074be00000| Untracked 
|  96|0x000000074c000000, 0x000000074c000000, 0x000000074c200000|  0%| F|  |TAMS 0x000000074c000000, 0x000000074c000000| Untracked 
|  97|0x000000074c200000, 0x000000074c200000, 0x000000074c400000|  0%| F|  |TAMS 0x000000074c200000, 0x000000074c200000| Untracked 
|  98|0x000000074c400000, 0x000000074c400000, 0x000000074c600000|  0%| F|  |TAMS 0x000000074c400000, 0x000000074c400000| Untracked 
|  99|0x000000074c600000, 0x000000074c600000, 0x000000074c800000|  0%| F|  |TAMS 0x000000074c600000, 0x000000074c600000| Untracked 
| 100|0x000000074c800000, 0x000000074c800000, 0x000000074ca00000|  0%| F|  |TAMS 0x000000074c800000, 0x000000074c800000| Untracked 
| 101|0x000000074ca00000, 0x000000074ca00000, 0x000000074cc00000|  0%| F|  |TAMS 0x000000074ca00000, 0x000000074ca00000| Untracked 
| 102|0x000000074cc00000, 0x000000074cc00000, 0x000000074ce00000|  0%| F|  |TAMS 0x000000074cc00000, 0x000000074cc00000| Untracked 
| 103|0x000000074ce00000, 0x000000074ce00000, 0x000000074d000000|  0%| F|  |TAMS 0x000000074ce00000, 0x000000074ce00000| Untracked 
| 104|0x000000074d000000, 0x000000074d000000, 0x000000074d200000|  0%| F|  |TAMS 0x000000074d000000, 0x000000074d000000| Untracked 
| 105|0x000000074d200000, 0x000000074d200000, 0x000000074d400000|  0%| F|  |TAMS 0x000000074d200000, 0x000000074d200000| Untracked 
| 106|0x000000074d400000, 0x000000074d400000, 0x000000074d600000|  0%| F|  |TAMS 0x000000074d400000, 0x000000074d400000| Untracked 
| 107|0x000000074d600000, 0x000000074d600000, 0x000000074d800000|  0%| F|  |TAMS 0x000000074d600000, 0x000000074d600000| Untracked 
| 108|0x000000074d800000, 0x000000074d800000, 0x000000074da00000|  0%| F|  |TAMS 0x000000074d800000, 0x000000074d800000| Untracked 
| 109|0x000000074da00000, 0x000000074da00000, 0x000000074dc00000|  0%| F|  |TAMS 0x000000074da00000, 0x000000074da00000| Untracked 
| 110|0x000000074dc00000, 0x000000074dc00000, 0x000000074de00000|  0%| F|  |TAMS 0x000000074dc00000, 0x000000074dc00000| Untracked 
| 111|0x000000074de00000, 0x000000074de00000, 0x000000074e000000|  0%| F|  |TAMS 0x000000074de00000, 0x000000074de00000| Untracked 
| 112|0x000000074e000000, 0x000000074e000000, 0x000000074e200000|  0%| F|  |TAMS 0x000000074e000000, 0x000000074e000000| Untracked 
| 113|0x000000074e200000, 0x000000074e200000, 0x000000074e400000|  0%| F|  |TAMS 0x000000074e200000, 0x000000074e200000| Untracked 
| 114|0x000000074e400000, 0x000000074e400000, 0x000000074e600000|  0%| F|  |TAMS 0x000000074e400000, 0x000000074e400000| Untracked 
| 115|0x000000074e600000, 0x000000074e600000, 0x000000074e800000|  0%| F|  |TAMS 0x000000074e600000, 0x000000074e600000| Untracked 
| 116|0x000000074e800000, 0x000000074e800000, 0x000000074ea00000|  0%| F|  |TAMS 0x000000074e800000, 0x000000074e800000| Untracked 
| 117|0x000000074ea00000, 0x000000074ea00000, 0x000000074ec00000|  0%| F|  |TAMS 0x000000074ea00000, 0x000000074ea00000| Untracked 
| 118|0x000000074ec00000, 0x000000074ec00000, 0x000000074ee00000|  0%| F|  |TAMS 0x000000074ec00000, 0x000000074ec00000| Untracked 
| 119|0x000000074ee00000, 0x000000074ee00000, 0x000000074f000000|  0%| F|  |TAMS 0x000000074ee00000, 0x000000074ee00000| Untracked 
| 120|0x000000074f000000, 0x000000074f000000, 0x000000074f200000|  0%| F|  |TAMS 0x000000074f000000, 0x000000074f000000| Untracked 
| 121|0x000000074f200000, 0x000000074f200000, 0x000000074f400000|  0%| F|  |TAMS 0x000000074f200000, 0x000000074f200000| Untracked 
| 122|0x000000074f400000, 0x000000074f400000, 0x000000074f600000|  0%| F|  |TAMS 0x000000074f400000, 0x000000074f400000| Untracked 
| 123|0x000000074f600000, 0x000000074f600000, 0x000000074f800000|  0%| F|  |TAMS 0x000000074f600000, 0x000000074f600000| Untracked 
| 124|0x000000074f800000, 0x000000074f800000, 0x000000074fa00000|  0%| F|  |TAMS 0x000000074f800000, 0x000000074f800000| Untracked 
| 125|0x000000074fa00000, 0x000000074fa00000, 0x000000074fc00000|  0%| F|  |TAMS 0x000000074fa00000, 0x000000074fa00000| Untracked 
| 126|0x000000074fc00000, 0x000000074fc00000, 0x000000074fe00000|  0%| F|  |TAMS 0x000000074fc00000, 0x000000074fc00000| Untracked 
| 127|0x000000074fe00000, 0x000000074fe00000, 0x0000000750000000|  0%| F|  |TAMS 0x000000074fe00000, 0x000000074fe00000| Untracked 
| 128|0x0000000750000000, 0x0000000750000000, 0x0000000750200000|  0%| F|  |TAMS 0x0000000750000000, 0x0000000750000000| Untracked 
| 129|0x0000000750200000, 0x0000000750200000, 0x0000000750400000|  0%| F|  |TAMS 0x0000000750200000, 0x0000000750200000| Untracked 
| 130|0x0000000750400000, 0x0000000750400000, 0x0000000750600000|  0%| F|  |TAMS 0x0000000750400000, 0x0000000750400000| Untracked 
| 131|0x0000000750600000, 0x0000000750600000, 0x0000000750800000|  0%| F|  |TAMS 0x0000000750600000, 0x0000000750600000| Untracked 
| 132|0x0000000750800000, 0x0000000750800000, 0x0000000750a00000|  0%| F|  |TAMS 0x0000000750800000, 0x0000000750800000| Untracked 
| 133|0x0000000750a00000, 0x0000000750a00000, 0x0000000750c00000|  0%| F|  |TAMS 0x0000000750a00000, 0x0000000750a00000| Untracked 
| 134|0x0000000750c00000, 0x0000000750c00000, 0x0000000750e00000|  0%| F|  |TAMS 0x0000000750c00000, 0x0000000750c00000| Untracked 
| 135|0x0000000750e00000, 0x0000000750e00000, 0x0000000751000000|  0%| F|  |TAMS 0x0000000750e00000, 0x0000000750e00000| Untracked 
| 136|0x0000000751000000, 0x0000000751000000, 0x0000000751200000|  0%| F|  |TAMS 0x0000000751000000, 0x0000000751000000| Untracked 
| 137|0x0000000751200000, 0x0000000751200000, 0x0000000751400000|  0%| F|  |TAMS 0x0000000751200000, 0x0000000751200000| Untracked 
| 138|0x0000000751400000, 0x0000000751400000, 0x0000000751600000|  0%| F|  |TAMS 0x0000000751400000, 0x0000000751400000| Untracked 
| 139|0x0000000751600000, 0x0000000751600000, 0x0000000751800000|  0%| F|  |TAMS 0x0000000751600000, 0x0000000751600000| Untracked 
| 140|0x0000000751800000, 0x0000000751800000, 0x0000000751a00000|  0%| F|  |TAMS 0x0000000751800000, 0x0000000751800000| Untracked 
| 141|0x0000000751a00000, 0x0000000751a00000, 0x0000000751c00000|  0%| F|  |TAMS 0x0000000751a00000, 0x0000000751a00000| Untracked 
| 142|0x0000000751c00000, 0x0000000751c00000, 0x0000000751e00000|  0%| F|  |TAMS 0x0000000751c00000, 0x0000000751c00000| Untracked 
| 143|0x0000000751e00000, 0x0000000751e00000, 0x0000000752000000|  0%| F|  |TAMS 0x0000000751e00000, 0x0000000751e00000| Untracked 
| 144|0x0000000752000000, 0x0000000752000000, 0x0000000752200000|  0%| F|  |TAMS 0x0000000752000000, 0x0000000752000000| Untracked 
| 145|0x0000000752200000, 0x0000000752200000, 0x0000000752400000|  0%| F|  |TAMS 0x0000000752200000, 0x0000000752200000| Untracked 
| 146|0x0000000752400000, 0x0000000752400000, 0x0000000752600000|  0%| F|  |TAMS 0x0000000752400000, 0x0000000752400000| Untracked 
| 147|0x0000000752600000, 0x0000000752600000, 0x0000000752800000|  0%| F|  |TAMS 0x0000000752600000, 0x0000000752600000| Untracked 
| 148|0x0000000752800000, 0x0000000752800000, 0x0000000752a00000|  0%| F|  |TAMS 0x0000000752800000, 0x0000000752800000| Untracked 
| 149|0x0000000752a00000, 0x0000000752a00000, 0x0000000752c00000|  0%| F|  |TAMS 0x0000000752a00000, 0x0000000752a00000| Untracked 
| 150|0x0000000752c00000, 0x0000000752c00000, 0x0000000752e00000|  0%| F|  |TAMS 0x0000000752c00000, 0x0000000752c00000| Untracked 
| 151|0x0000000752e00000, 0x0000000752e00000, 0x0000000753000000|  0%| F|  |TAMS 0x0000000752e00000, 0x0000000752e00000| Untracked 
| 152|0x0000000753000000, 0x0000000753000000, 0x0000000753200000|  0%| F|  |TAMS 0x0000000753000000, 0x0000000753000000| Untracked 
| 153|0x0000000753200000, 0x0000000753200000, 0x0000000753400000|  0%| F|  |TAMS 0x0000000753200000, 0x0000000753200000| Untracked 
| 154|0x0000000753400000, 0x0000000753400000, 0x0000000753600000|  0%| F|  |TAMS 0x0000000753400000, 0x0000000753400000| Untracked 
| 155|0x0000000753600000, 0x0000000753600000, 0x0000000753800000|  0%| F|  |TAMS 0x0000000753600000, 0x0000000753600000| Untracked 
| 156|0x0000000753800000, 0x0000000753800000, 0x0000000753a00000|  0%| F|  |TAMS 0x0000000753800000, 0x0000000753800000| Untracked 
| 157|0x0000000753a00000, 0x0000000753a00000, 0x0000000753c00000|  0%| F|  |TAMS 0x0000000753a00000, 0x0000000753a00000| Untracked 
| 158|0x0000000753c00000, 0x0000000753c00000, 0x0000000753e00000|  0%| F|  |TAMS 0x0000000753c00000, 0x0000000753c00000| Untracked 
| 159|0x0000000753e00000, 0x0000000753e00000, 0x0000000754000000|  0%| F|  |TAMS 0x0000000753e00000, 0x0000000753e00000| Untracked 
| 160|0x0000000754000000, 0x0000000754000000, 0x0000000754200000|  0%| F|  |TAMS 0x0000000754000000, 0x0000000754000000| Untracked 
| 161|0x0000000754200000, 0x0000000754200000, 0x0000000754400000|  0%| F|  |TAMS 0x0000000754200000, 0x0000000754200000| Untracked 
| 162|0x0000000754400000, 0x0000000754400000, 0x0000000754600000|  0%| F|  |TAMS 0x0000000754400000, 0x0000000754400000| Untracked 
| 163|0x0000000754600000, 0x0000000754600000, 0x0000000754800000|  0%| F|  |TAMS 0x0000000754600000, 0x0000000754600000| Untracked 
| 164|0x0000000754800000, 0x0000000754800000, 0x0000000754a00000|  0%| F|  |TAMS 0x0000000754800000, 0x0000000754800000| Untracked 
| 165|0x0000000754a00000, 0x0000000754a00000, 0x0000000754c00000|  0%| F|  |TAMS 0x0000000754a00000, 0x0000000754a00000| Untracked 
| 166|0x0000000754c00000, 0x0000000754c00000, 0x0000000754e00000|  0%| F|  |TAMS 0x0000000754c00000, 0x0000000754c00000| Untracked 
| 167|0x0000000754e00000, 0x0000000754e00000, 0x0000000755000000|  0%| F|  |TAMS 0x0000000754e00000, 0x0000000754e00000| Untracked 
| 168|0x0000000755000000, 0x0000000755000000, 0x0000000755200000|  0%| F|  |TAMS 0x0000000755000000, 0x0000000755000000| Untracked 
| 169|0x0000000755200000, 0x0000000755200000, 0x0000000755400000|  0%| F|  |TAMS 0x0000000755200000, 0x0000000755200000| Untracked 
| 170|0x0000000755400000, 0x0000000755400000, 0x0000000755600000|  0%| F|  |TAMS 0x0000000755400000, 0x0000000755400000| Untracked 
| 171|0x0000000755600000, 0x0000000755600000, 0x0000000755800000|  0%| F|  |TAMS 0x0000000755600000, 0x0000000755600000| Untracked 
| 172|0x0000000755800000, 0x0000000755800000, 0x0000000755a00000|  0%| F|  |TAMS 0x0000000755800000, 0x0000000755800000| Untracked 
| 173|0x0000000755a00000, 0x0000000755a00000, 0x0000000755c00000|  0%| F|  |TAMS 0x0000000755a00000, 0x0000000755a00000| Untracked 
| 174|0x0000000755c00000, 0x0000000755c00000, 0x0000000755e00000|  0%| F|  |TAMS 0x0000000755c00000, 0x0000000755c00000| Untracked 
| 175|0x0000000755e00000, 0x0000000755e00000, 0x0000000756000000|  0%| F|  |TAMS 0x0000000755e00000, 0x0000000755e00000| Untracked 
| 176|0x0000000756000000, 0x0000000756000000, 0x0000000756200000|  0%| F|  |TAMS 0x0000000756000000, 0x0000000756000000| Untracked 
| 177|0x0000000756200000, 0x0000000756200000, 0x0000000756400000|  0%| F|  |TAMS 0x0000000756200000, 0x0000000756200000| Untracked 
| 178|0x0000000756400000, 0x0000000756400000, 0x0000000756600000|  0%| F|  |TAMS 0x0000000756400000, 0x0000000756400000| Untracked 
| 179|0x0000000756600000, 0x0000000756600000, 0x0000000756800000|  0%| F|  |TAMS 0x0000000756600000, 0x0000000756600000| Untracked 
| 180|0x0000000756800000, 0x0000000756800000, 0x0000000756a00000|  0%| F|  |TAMS 0x0000000756800000, 0x0000000756800000| Untracked 
| 181|0x0000000756a00000, 0x0000000756a00000, 0x0000000756c00000|  0%| F|  |TAMS 0x0000000756a00000, 0x0000000756a00000| Untracked 
| 182|0x0000000756c00000, 0x0000000756c00000, 0x0000000756e00000|  0%| F|  |TAMS 0x0000000756c00000, 0x0000000756c00000| Untracked 
| 183|0x0000000756e00000, 0x0000000756e00000, 0x0000000757000000|  0%| F|  |TAMS 0x0000000756e00000, 0x0000000756e00000| Untracked 
| 184|0x0000000757000000, 0x0000000757000000, 0x0000000757200000|  0%| F|  |TAMS 0x0000000757000000, 0x0000000757000000| Untracked 
| 185|0x0000000757200000, 0x0000000757200000, 0x0000000757400000|  0%| F|  |TAMS 0x0000000757200000, 0x0000000757200000| Untracked 
| 186|0x0000000757400000, 0x0000000757400000, 0x0000000757600000|  0%| F|  |TAMS 0x0000000757400000, 0x0000000757400000| Untracked 
| 187|0x0000000757600000, 0x0000000757600000, 0x0000000757800000|  0%| F|  |TAMS 0x0000000757600000, 0x0000000757600000| Untracked 
| 188|0x0000000757800000, 0x0000000757800000, 0x0000000757a00000|  0%| F|  |TAMS 0x0000000757800000, 0x0000000757800000| Untracked 
| 189|0x0000000757a00000, 0x0000000757a00000, 0x0000000757c00000|  0%| F|  |TAMS 0x0000000757a00000, 0x0000000757a00000| Untracked 
| 190|0x0000000757c00000, 0x0000000757c00000, 0x0000000757e00000|  0%| F|  |TAMS 0x0000000757c00000, 0x0000000757c00000| Untracked 
| 191|0x0000000757e00000, 0x0000000757e00000, 0x0000000758000000|  0%| F|  |TAMS 0x0000000757e00000, 0x0000000757e00000| Untracked 
| 192|0x0000000758000000, 0x0000000758000000, 0x0000000758200000|  0%| F|  |TAMS 0x0000000758000000, 0x0000000758000000| Untracked 
| 193|0x0000000758200000, 0x0000000758200000, 0x0000000758400000|  0%| F|  |TAMS 0x0000000758200000, 0x0000000758200000| Untracked 
| 194|0x0000000758400000, 0x0000000758400000, 0x0000000758600000|  0%| F|  |TAMS 0x0000000758400000, 0x0000000758400000| Untracked 
| 195|0x0000000758600000, 0x0000000758600000, 0x0000000758800000|  0%| F|  |TAMS 0x0000000758600000, 0x0000000758600000| Untracked 
| 196|0x0000000758800000, 0x0000000758800000, 0x0000000758a00000|  0%| F|  |TAMS 0x0000000758800000, 0x0000000758800000| Untracked 
| 197|0x0000000758a00000, 0x0000000758a00000, 0x0000000758c00000|  0%| F|  |TAMS 0x0000000758a00000, 0x0000000758a00000| Untracked 
| 198|0x0000000758c00000, 0x0000000758c00000, 0x0000000758e00000|  0%| F|  |TAMS 0x0000000758c00000, 0x0000000758c00000| Untracked 
| 199|0x0000000758e00000, 0x0000000758e00000, 0x0000000759000000|  0%| F|  |TAMS 0x0000000758e00000, 0x0000000758e00000| Untracked 
| 200|0x0000000759000000, 0x0000000759000000, 0x0000000759200000|  0%| F|  |TAMS 0x0000000759000000, 0x0000000759000000| Untracked 
| 201|0x0000000759200000, 0x0000000759200000, 0x0000000759400000|  0%| F|  |TAMS 0x0000000759200000, 0x0000000759200000| Untracked 
| 202|0x0000000759400000, 0x0000000759400000, 0x0000000759600000|  0%| F|  |TAMS 0x0000000759400000, 0x0000000759400000| Untracked 
| 203|0x0000000759600000, 0x0000000759600000, 0x0000000759800000|  0%| F|  |TAMS 0x0000000759600000, 0x0000000759600000| Untracked 
| 204|0x0000000759800000, 0x0000000759800000, 0x0000000759a00000|  0%| F|  |TAMS 0x0000000759800000, 0x0000000759800000| Untracked 
| 205|0x0000000759a00000, 0x0000000759a00000, 0x0000000759c00000|  0%| F|  |TAMS 0x0000000759a00000, 0x0000000759a00000| Untracked 
| 206|0x0000000759c00000, 0x0000000759c00000, 0x0000000759e00000|  0%| F|  |TAMS 0x0000000759c00000, 0x0000000759c00000| Untracked 
| 207|0x0000000759e00000, 0x0000000759e00000, 0x000000075a000000|  0%| F|  |TAMS 0x0000000759e00000, 0x0000000759e00000| Untracked 
| 208|0x000000075a000000, 0x000000075a000000, 0x000000075a200000|  0%| F|  |TAMS 0x000000075a000000, 0x000000075a000000| Untracked 
| 209|0x000000075a200000, 0x000000075a200000, 0x000000075a400000|  0%| F|  |TAMS 0x000000075a200000, 0x000000075a200000| Untracked 
| 210|0x000000075a400000, 0x000000075a400000, 0x000000075a600000|  0%| F|  |TAMS 0x000000075a400000, 0x000000075a400000| Untracked 
| 211|0x000000075a600000, 0x000000075a600000, 0x000000075a800000|  0%| F|  |TAMS 0x000000075a600000, 0x000000075a600000| Untracked 
| 212|0x000000075a800000, 0x000000075a800000, 0x000000075aa00000|  0%| F|  |TAMS 0x000000075a800000, 0x000000075a800000| Untracked 
| 213|0x000000075aa00000, 0x000000075aa00000, 0x000000075ac00000|  0%| F|  |TAMS 0x000000075aa00000, 0x000000075aa00000| Untracked 
| 214|0x000000075ac00000, 0x000000075ac00000, 0x000000075ae00000|  0%| F|  |TAMS 0x000000075ac00000, 0x000000075ac00000| Untracked 
| 215|0x000000075ae00000, 0x000000075ae00000, 0x000000075b000000|  0%| F|  |TAMS 0x000000075ae00000, 0x000000075ae00000| Untracked 
| 216|0x000000075b000000, 0x000000075b000000, 0x000000075b200000|  0%| F|  |TAMS 0x000000075b000000, 0x000000075b000000| Untracked 
| 217|0x000000075b200000, 0x000000075b200000, 0x000000075b400000|  0%| F|  |TAMS 0x000000075b200000, 0x000000075b200000| Untracked 
| 218|0x000000075b400000, 0x000000075b400000, 0x000000075b600000|  0%| F|  |TAMS 0x000000075b400000, 0x000000075b400000| Untracked 
| 219|0x000000075b600000, 0x000000075b600000, 0x000000075b800000|  0%| F|  |TAMS 0x000000075b600000, 0x000000075b600000| Untracked 
| 220|0x000000075b800000, 0x000000075b800000, 0x000000075ba00000|  0%| F|  |TAMS 0x000000075b800000, 0x000000075b800000| Untracked 
| 221|0x000000075ba00000, 0x000000075ba00000, 0x000000075bc00000|  0%| F|  |TAMS 0x000000075ba00000, 0x000000075ba00000| Untracked 
| 222|0x000000075bc00000, 0x000000075bc00000, 0x000000075be00000|  0%| F|  |TAMS 0x000000075bc00000, 0x000000075bc00000| Untracked 
| 223|0x000000075be00000, 0x000000075be00000, 0x000000075c000000|  0%| F|  |TAMS 0x000000075be00000, 0x000000075be00000| Untracked 
| 224|0x000000075c000000, 0x000000075c000000, 0x000000075c200000|  0%| F|  |TAMS 0x000000075c000000, 0x000000075c000000| Untracked 
| 225|0x000000075c200000, 0x000000075c200000, 0x000000075c400000|  0%| F|  |TAMS 0x000000075c200000, 0x000000075c200000| Untracked 
| 226|0x000000075c400000, 0x000000075c400000, 0x000000075c600000|  0%| F|  |TAMS 0x000000075c400000, 0x000000075c400000| Untracked 
| 227|0x000000075c600000, 0x000000075c600000, 0x000000075c800000|  0%| F|  |TAMS 0x000000075c600000, 0x000000075c600000| Untracked 
| 228|0x000000075c800000, 0x000000075c800000, 0x000000075ca00000|  0%| F|  |TAMS 0x000000075c800000, 0x000000075c800000| Untracked 
| 229|0x000000075ca00000, 0x000000075ca00000, 0x000000075cc00000|  0%| F|  |TAMS 0x000000075ca00000, 0x000000075ca00000| Untracked 
| 230|0x000000075cc00000, 0x000000075cc00000, 0x000000075ce00000|  0%| F|  |TAMS 0x000000075cc00000, 0x000000075cc00000| Untracked 
| 231|0x000000075ce00000, 0x000000075cfc47e0, 0x000000075d000000| 88%| S|CS|TAMS 0x000000075ce00000, 0x000000075ce00000| Complete 
| 232|0x000000075d000000, 0x000000075d200000, 0x000000075d200000|100%| S|CS|TAMS 0x000000075d000000, 0x000000075d000000| Complete 
| 233|0x000000075d200000, 0x000000075d400000, 0x000000075d400000|100%| S|CS|TAMS 0x000000075d200000, 0x000000075d200000| Complete 
| 234|0x000000075d400000, 0x000000075d600000, 0x000000075d600000|100%| S|CS|TAMS 0x000000075d400000, 0x000000075d400000| Complete 
| 235|0x000000075d600000, 0x000000075d600000, 0x000000075d800000|  0%| F|  |TAMS 0x000000075d600000, 0x000000075d600000| Untracked 
| 236|0x000000075d800000, 0x000000075d800000, 0x000000075da00000|  0%| F|  |TAMS 0x000000075d800000, 0x000000075d800000| Untracked 
| 237|0x000000075da00000, 0x000000075da00000, 0x000000075dc00000|  0%| F|  |TAMS 0x000000075da00000, 0x000000075da00000| Untracked 
| 238|0x000000075dc00000, 0x000000075dc00000, 0x000000075de00000|  0%| F|  |TAMS 0x000000075dc00000, 0x000000075dc00000| Untracked 
| 239|0x000000075de00000, 0x000000075de00000, 0x000000075e000000|  0%| F|  |TAMS 0x000000075de00000, 0x000000075de00000| Untracked 
| 240|0x000000075e000000, 0x000000075e000000, 0x000000075e200000|  0%| F|  |TAMS 0x000000075e000000, 0x000000075e000000| Untracked 
| 241|0x000000075e200000, 0x000000075e200000, 0x000000075e400000|  0%| F|  |TAMS 0x000000075e200000, 0x000000075e200000| Untracked 
| 242|0x000000075e400000, 0x000000075e400000, 0x000000075e600000|  0%| F|  |TAMS 0x000000075e400000, 0x000000075e400000| Untracked 
| 243|0x000000075e600000, 0x000000075e600000, 0x000000075e800000|  0%| F|  |TAMS 0x000000075e600000, 0x000000075e600000| Untracked 
| 244|0x000000075e800000, 0x000000075e800000, 0x000000075ea00000|  0%| F|  |TAMS 0x000000075e800000, 0x000000075e800000| Untracked 
| 245|0x000000075ea00000, 0x000000075ea00000, 0x000000075ec00000|  0%| F|  |TAMS 0x000000075ea00000, 0x000000075ea00000| Untracked 
| 246|0x000000075ec00000, 0x000000075ec00000, 0x000000075ee00000|  0%| F|  |TAMS 0x000000075ec00000, 0x000000075ec00000| Untracked 
| 247|0x000000075ee00000, 0x000000075ee00000, 0x000000075f000000|  0%| F|  |TAMS 0x000000075ee00000, 0x000000075ee00000| Untracked 
| 248|0x000000075f000000, 0x000000075f000000, 0x000000075f200000|  0%| F|  |TAMS 0x000000075f000000, 0x000000075f000000| Untracked 
| 249|0x000000075f200000, 0x000000075f200000, 0x000000075f400000|  0%| F|  |TAMS 0x000000075f200000, 0x000000075f200000| Untracked 
| 250|0x000000075f400000, 0x000000075f400000, 0x000000075f600000|  0%| F|  |TAMS 0x000000075f400000, 0x000000075f400000| Untracked 
| 251|0x000000075f600000, 0x000000075f600000, 0x000000075f800000|  0%| F|  |TAMS 0x000000075f600000, 0x000000075f600000| Untracked 
| 252|0x000000075f800000, 0x000000075f800000, 0x000000075fa00000|  0%| F|  |TAMS 0x000000075f800000, 0x000000075f800000| Untracked 
| 253|0x000000075fa00000, 0x000000075fa00000, 0x000000075fc00000|  0%| F|  |TAMS 0x000000075fa00000, 0x000000075fa00000| Untracked 
| 254|0x000000075fc00000, 0x000000075fc00000, 0x000000075fe00000|  0%| F|  |TAMS 0x000000075fc00000, 0x000000075fc00000| Untracked 
| 255|0x000000075fe00000, 0x000000075fe00000, 0x0000000760000000|  0%| F|  |TAMS 0x000000075fe00000, 0x000000075fe00000| Untracked 
| 256|0x0000000760000000, 0x0000000760000000, 0x0000000760200000|  0%| F|  |TAMS 0x0000000760000000, 0x0000000760000000| Untracked 
| 257|0x0000000760200000, 0x0000000760200000, 0x0000000760400000|  0%| F|  |TAMS 0x0000000760200000, 0x0000000760200000| Untracked 
| 258|0x0000000760400000, 0x0000000760400000, 0x0000000760600000|  0%| F|  |TAMS 0x0000000760400000, 0x0000000760400000| Untracked 
| 259|0x0000000760600000, 0x0000000760600000, 0x0000000760800000|  0%| F|  |TAMS 0x0000000760600000, 0x0000000760600000| Untracked 
| 260|0x0000000760800000, 0x0000000760800000, 0x0000000760a00000|  0%| F|  |TAMS 0x0000000760800000, 0x0000000760800000| Untracked 
| 261|0x0000000760a00000, 0x0000000760a00000, 0x0000000760c00000|  0%| F|  |TAMS 0x0000000760a00000, 0x0000000760a00000| Untracked 
| 262|0x0000000760c00000, 0x0000000760c00000, 0x0000000760e00000|  0%| F|  |TAMS 0x0000000760c00000, 0x0000000760c00000| Untracked 
| 263|0x0000000760e00000, 0x0000000760e00000, 0x0000000761000000|  0%| F|  |TAMS 0x0000000760e00000, 0x0000000760e00000| Untracked 
| 264|0x0000000761000000, 0x0000000761000000, 0x0000000761200000|  0%| F|  |TAMS 0x0000000761000000, 0x0000000761000000| Untracked 
| 265|0x0000000761200000, 0x0000000761200000, 0x0000000761400000|  0%| F|  |TAMS 0x0000000761200000, 0x0000000761200000| Untracked 
| 266|0x0000000761400000, 0x0000000761400000, 0x0000000761600000|  0%| F|  |TAMS 0x0000000761400000, 0x0000000761400000| Untracked 
| 267|0x0000000761600000, 0x0000000761600000, 0x0000000761800000|  0%| F|  |TAMS 0x0000000761600000, 0x0000000761600000| Untracked 
| 268|0x0000000761800000, 0x0000000761800000, 0x0000000761a00000|  0%| F|  |TAMS 0x0000000761800000, 0x0000000761800000| Untracked 
| 269|0x0000000761a00000, 0x0000000761a00000, 0x0000000761c00000|  0%| F|  |TAMS 0x0000000761a00000, 0x0000000761a00000| Untracked 
| 270|0x0000000761c00000, 0x0000000761c00000, 0x0000000761e00000|  0%| F|  |TAMS 0x0000000761c00000, 0x0000000761c00000| Untracked 
| 271|0x0000000761e00000, 0x0000000761e00000, 0x0000000762000000|  0%| F|  |TAMS 0x0000000761e00000, 0x0000000761e00000| Untracked 
| 272|0x0000000762000000, 0x0000000762000000, 0x0000000762200000|  0%| F|  |TAMS 0x0000000762000000, 0x0000000762000000| Untracked 
| 273|0x0000000762200000, 0x0000000762200000, 0x0000000762400000|  0%| F|  |TAMS 0x0000000762200000, 0x0000000762200000| Untracked 
| 274|0x0000000762400000, 0x0000000762400000, 0x0000000762600000|  0%| F|  |TAMS 0x0000000762400000, 0x0000000762400000| Untracked 
| 275|0x0000000762600000, 0x0000000762600000, 0x0000000762800000|  0%| F|  |TAMS 0x0000000762600000, 0x0000000762600000| Untracked 
| 276|0x0000000762800000, 0x0000000762800000, 0x0000000762a00000|  0%| F|  |TAMS 0x0000000762800000, 0x0000000762800000| Untracked 
| 277|0x0000000762a00000, 0x0000000762a00000, 0x0000000762c00000|  0%| F|  |TAMS 0x0000000762a00000, 0x0000000762a00000| Untracked 
| 278|0x0000000762c00000, 0x0000000762c00000, 0x0000000762e00000|  0%| F|  |TAMS 0x0000000762c00000, 0x0000000762c00000| Untracked 
| 279|0x0000000762e00000, 0x0000000762e00000, 0x0000000763000000|  0%| F|  |TAMS 0x0000000762e00000, 0x0000000762e00000| Untracked 
| 280|0x0000000763000000, 0x0000000763000000, 0x0000000763200000|  0%| F|  |TAMS 0x0000000763000000, 0x0000000763000000| Untracked 
| 281|0x0000000763200000, 0x0000000763200000, 0x0000000763400000|  0%| F|  |TAMS 0x0000000763200000, 0x0000000763200000| Untracked 
| 282|0x0000000763400000, 0x0000000763400000, 0x0000000763600000|  0%| F|  |TAMS 0x0000000763400000, 0x0000000763400000| Untracked 
| 283|0x0000000763600000, 0x0000000763600000, 0x0000000763800000|  0%| F|  |TAMS 0x0000000763600000, 0x0000000763600000| Untracked 
| 284|0x0000000763800000, 0x0000000763800000, 0x0000000763a00000|  0%| F|  |TAMS 0x0000000763800000, 0x0000000763800000| Untracked 
| 285|0x0000000763a00000, 0x0000000763a00000, 0x0000000763c00000|  0%| F|  |TAMS 0x0000000763a00000, 0x0000000763a00000| Untracked 
| 286|0x0000000763c00000, 0x0000000763c00000, 0x0000000763e00000|  0%| F|  |TAMS 0x0000000763c00000, 0x0000000763c00000| Untracked 
| 287|0x0000000763e00000, 0x0000000763e00000, 0x0000000764000000|  0%| F|  |TAMS 0x0000000763e00000, 0x0000000763e00000| Untracked 
| 288|0x0000000764000000, 0x0000000764000000, 0x0000000764200000|  0%| F|  |TAMS 0x0000000764000000, 0x0000000764000000| Untracked 
| 289|0x0000000764200000, 0x0000000764200000, 0x0000000764400000|  0%| F|  |TAMS 0x0000000764200000, 0x0000000764200000| Untracked 
| 290|0x0000000764400000, 0x0000000764400000, 0x0000000764600000|  0%| F|  |TAMS 0x0000000764400000, 0x0000000764400000| Untracked 
| 291|0x0000000764600000, 0x0000000764600000, 0x0000000764800000|  0%| F|  |TAMS 0x0000000764600000, 0x0000000764600000| Untracked 
| 292|0x0000000764800000, 0x0000000764800000, 0x0000000764a00000|  0%| F|  |TAMS 0x0000000764800000, 0x0000000764800000| Untracked 
| 293|0x0000000764a00000, 0x0000000764a00000, 0x0000000764c00000|  0%| F|  |TAMS 0x0000000764a00000, 0x0000000764a00000| Untracked 
| 294|0x0000000764c00000, 0x0000000764c00000, 0x0000000764e00000|  0%| F|  |TAMS 0x0000000764c00000, 0x0000000764c00000| Untracked 
| 295|0x0000000764e00000, 0x0000000764e00000, 0x0000000765000000|  0%| F|  |TAMS 0x0000000764e00000, 0x0000000764e00000| Untracked 
| 296|0x0000000765000000, 0x0000000765000000, 0x0000000765200000|  0%| F|  |TAMS 0x0000000765000000, 0x0000000765000000| Untracked 
| 297|0x0000000765200000, 0x0000000765200000, 0x0000000765400000|  0%| F|  |TAMS 0x0000000765200000, 0x0000000765200000| Untracked 
| 298|0x0000000765400000, 0x0000000765400000, 0x0000000765600000|  0%| F|  |TAMS 0x0000000765400000, 0x0000000765400000| Untracked 
| 299|0x0000000765600000, 0x0000000765600000, 0x0000000765800000|  0%| F|  |TAMS 0x0000000765600000, 0x0000000765600000| Untracked 
| 300|0x0000000765800000, 0x0000000765800000, 0x0000000765a00000|  0%| F|  |TAMS 0x0000000765800000, 0x0000000765800000| Untracked 
| 301|0x0000000765a00000, 0x0000000765a00000, 0x0000000765c00000|  0%| F|  |TAMS 0x0000000765a00000, 0x0000000765a00000| Untracked 
| 302|0x0000000765c00000, 0x0000000765c00000, 0x0000000765e00000|  0%| F|  |TAMS 0x0000000765c00000, 0x0000000765c00000| Untracked 
| 303|0x0000000765e00000, 0x0000000765e00000, 0x0000000766000000|  0%| F|  |TAMS 0x0000000765e00000, 0x0000000765e00000| Untracked 
| 304|0x0000000766000000, 0x0000000766000000, 0x0000000766200000|  0%| F|  |TAMS 0x0000000766000000, 0x0000000766000000| Untracked 
| 305|0x0000000766200000, 0x0000000766200000, 0x0000000766400000|  0%| F|  |TAMS 0x0000000766200000, 0x0000000766200000| Untracked 
| 306|0x0000000766400000, 0x0000000766400000, 0x0000000766600000|  0%| F|  |TAMS 0x0000000766400000, 0x0000000766400000| Untracked 
| 307|0x0000000766600000, 0x0000000766600000, 0x0000000766800000|  0%| F|  |TAMS 0x0000000766600000, 0x0000000766600000| Untracked 
| 308|0x0000000766800000, 0x0000000766800000, 0x0000000766a00000|  0%| F|  |TAMS 0x0000000766800000, 0x0000000766800000| Untracked 
| 309|0x0000000766a00000, 0x0000000766a00000, 0x0000000766c00000|  0%| F|  |TAMS 0x0000000766a00000, 0x0000000766a00000| Untracked 
| 310|0x0000000766c00000, 0x0000000766c00000, 0x0000000766e00000|  0%| F|  |TAMS 0x0000000766c00000, 0x0000000766c00000| Untracked 
| 311|0x0000000766e00000, 0x0000000766e00000, 0x0000000767000000|  0%| F|  |TAMS 0x0000000766e00000, 0x0000000766e00000| Untracked 
| 312|0x0000000767000000, 0x0000000767000000, 0x0000000767200000|  0%| F|  |TAMS 0x0000000767000000, 0x0000000767000000| Untracked 
| 313|0x0000000767200000, 0x0000000767200000, 0x0000000767400000|  0%| F|  |TAMS 0x0000000767200000, 0x0000000767200000| Untracked 
| 314|0x0000000767400000, 0x0000000767400000, 0x0000000767600000|  0%| F|  |TAMS 0x0000000767400000, 0x0000000767400000| Untracked 
| 315|0x0000000767600000, 0x0000000767600000, 0x0000000767800000|  0%| F|  |TAMS 0x0000000767600000, 0x0000000767600000| Untracked 
| 316|0x0000000767800000, 0x00000007679bd150, 0x0000000767a00000| 86%| E|  |TAMS 0x0000000767800000, 0x0000000767800000| Complete 
| 317|0x0000000767a00000, 0x0000000767c00000, 0x0000000767c00000|100%| E|CS|TAMS 0x0000000767a00000, 0x0000000767a00000| Complete 
| 318|0x0000000767c00000, 0x0000000767e00000, 0x0000000767e00000|100%| E|CS|TAMS 0x0000000767c00000, 0x0000000767c00000| Complete 
| 319|0x0000000767e00000, 0x0000000768000000, 0x0000000768000000|100%| E|CS|TAMS 0x0000000767e00000, 0x0000000767e00000| Complete 
| 320|0x0000000768000000, 0x0000000768200000, 0x0000000768200000|100%| E|CS|TAMS 0x0000000768000000, 0x0000000768000000| Complete 
| 321|0x0000000768200000, 0x0000000768400000, 0x0000000768400000|100%| E|CS|TAMS 0x0000000768200000, 0x0000000768200000| Complete 
| 322|0x0000000768400000, 0x0000000768600000, 0x0000000768600000|100%| E|CS|TAMS 0x0000000768400000, 0x0000000768400000| Complete 

Card table byte_map: [0x0000000019ec0000,0x000000001a4c0000] _byte_map_base: 0x00000000164c0000

Marking Bits (Prev, Next): (CMBitMap*) 0x0000000002b067b0, (CMBitMap*) 0x0000000002b06770
 Prev Bits: [0x000000001dac0000, 0x0000000020ac0000)
 Next Bits: [0x000000001aac0000, 0x000000001dac0000)

Polling page: 0x00000000001e0000

Metaspace:

Usage:
  Non-class:     61.64 MB used.
      Class:      9.88 MB used.
       Both:     71.52 MB used.

Virtual space:
  Non-class space:       64.00 MB reserved,      62.06 MB ( 97%) committed,  1 nodes.
      Class space:        1.00 GB reserved,      10.19 MB ( <1%) committed,  1 nodes.
             Both:        1.06 GB reserved,      72.25 MB (  7%) committed. 

Chunk freelists:
   Non-Class:  1.86 MB
       Class:  5.75 MB
        Both:  7.61 MB

MaxMetaspaceSize: unlimited
CompressedClassSpaceSize: 1.00 GB
Initial GC threshold: 21.00 MB
Current GC threshold: 98.44 MB
CDS: on
MetaspaceReclaimPolicy: balanced
 - commit_granule_bytes: 65536.
 - commit_granule_words: 8192.
 - virtual_space_node_default_size: 8388608.
 - enlarge_chunks_in_place: 1.
 - new_chunks_are_fully_committed: 0.
 - uncommit_free_chunks: 1.
 - use_allocation_guard: 0.
 - handle_deallocations: 1.


Internal statistics:

num_allocs_failed_limit: 9.
num_arena_births: 828.
num_arena_deaths: 0.
num_vsnodes_births: 2.
num_vsnodes_deaths: 0.
num_space_committed: 1156.
num_space_uncommitted: 0.
num_chunks_returned_to_freelist: 9.
num_chunks_taken_from_freelist: 3768.
num_chunk_merges: 9.
num_chunk_splits: 2371.
num_chunks_enlarged: 1498.
num_inconsistent_stats: 0.

CodeHeap 'non-profiled nmethods': size=120000Kb used=6521Kb max_used=6521Kb free=113478Kb
 bounds [0x0000000011e40000, 0x00000000124a0000, 0x0000000019370000]
CodeHeap 'profiled nmethods': size=120000Kb used=18448Kb max_used=18448Kb free=101552Kb
 bounds [0x000000000a370000, 0x000000000b580000, 0x00000000118a0000]
CodeHeap 'non-nmethods': size=5760Kb used=2394Kb max_used=2483Kb free=3366Kb
 bounds [0x00000000118a0000, 0x0000000011b20000, 0x0000000011e40000]
 total_blobs=10430 nmethods=9515 adapters=825
 compilation: enabled
              stopped_count=0, restarted_count=0
 full_count=0

Compilation events (20 events):
Event: 18.306 Thread 0x0000000023a58030 10943       3       org.gradle.internal.watch.vfs.impl.WatchingVirtualFileSystem::lambda$withWatcherChangeErrorHandling$9 (8 bytes)
Event: 18.306 Thread 0x0000000023a58030 nmethod 10943 0x000000000b563c10 code [0x000000000b563dc0, 0x000000000b563f88]
Event: 18.306 Thread 0x0000000023a58030 10944       3       org.gradle.internal.watch.vfs.impl.WatchingVirtualFileSystem$$Lambda$496/0x00000000254877e8::run (16 bytes)
Event: 18.307 Thread 0x0000000023a58030 nmethod 10944 0x000000000b564090 code [0x000000000b5642a0, 0x000000000b564978]
Event: 18.307 Thread 0x0000000023a58030 10945       3       org.gradle.internal.watch.vfs.impl.WatchingVirtualFileSystem::lambda$updateNotifyingListeners$1 (12 bytes)
Event: 18.307 Thread 0x0000000023a58030 nmethod 10945 0x000000000b564c10 code [0x000000000b564e20, 0x000000000b565478]
Event: 18.307 Thread 0x0000000023a58030 10939       3       org.gradle.internal.snapshot.AbstractIncompleteFileSystemNode$1::handleAsDescendantOfChild (10 bytes)
Event: 18.307 Thread 0x0000000023a58030 nmethod 10939 0x000000000b565710 code [0x000000000b5658c0, 0x000000000b565c28]
Event: 18.307 Thread 0x0000000023a58030 10940       1       org.gradle.internal.snapshot.SingletonChildMap::isEmpty (2 bytes)
Event: 18.307 Thread 0x0000000023a58030 nmethod 10940 0x000000001249d690 code [0x000000001249d820, 0x000000001249d8f8]
Event: 18.307 Thread 0x0000000023a58030 10941       1       org.gradle.internal.snapshot.SingletonChildMap$1::getChildMap (5 bytes)
Event: 18.307 Thread 0x0000000023a58030 nmethod 10941 0x000000001249d990 code [0x000000001249db20, 0x000000001249dbf8]
Event: 18.307 Thread 0x0000000023a58030 10948       1       org.gradle.internal.watch.vfs.impl.WatchingVirtualFileSystem::access$400 (5 bytes)
Event: 18.307 Thread 0x0000000023a58030 nmethod 10948 0x000000001249dc90 code [0x000000001249de20, 0x000000001249ded8]
Event: 18.307 Thread 0x0000000023a58030 10946       1       org.gradle.internal.watch.registry.impl.DefaultFileWatcherRegistry::access$100 (5 bytes)
Event: 18.307 Thread 0x0000000023a58030 nmethod 10946 0x000000001249df90 code [0x000000001249e120, 0x000000001249e1d8]
Event: 18.307 Thread 0x0000000023a58030 10947       1       org.gradle.internal.watch.registry.impl.DefaultFileWatcherRegistry::access$200 (5 bytes)
Event: 18.307 Thread 0x0000000023a58030 nmethod 10947 0x000000001249e290 code [0x000000001249e420, 0x000000001249e4d8]
Event: 18.309 Thread 0x0000000023a58030 10949  s    3       org.gradle.internal.event.ListenerBroadcast::getSource (35 bytes)
Event: 18.309 Thread 0x0000000023a58030 nmethod 10949 0x000000000b565d90 code [0x000000000b565f40, 0x000000000b566328]

GC Heap History (20 events):
Event: 6.416 GC heap before
{Heap before GC invocations=19 (full 0):
 garbage-first heap   total 196608K, used 185489K [0x0000000740000000, 0x0000000800000000)
  region size 2048K, 23 young (47104K), 1 survivors (2048K)
 Metaspace       used 66428K, committed 67072K, reserved 1114112K
  class space    used 9076K, committed 9344K, reserved 1048576K
}
Event: 6.419 GC heap after
{Heap after GC invocations=20 (full 0):
 garbage-first heap   total 196608K, used 65173K [0x0000000740000000, 0x0000000800000000)
  region size 2048K, 2 young (4096K), 2 survivors (4096K)
 Metaspace       used 66428K, committed 67072K, reserved 1114112K
  class space    used 9076K, committed 9344K, reserved 1048576K
}
Event: 7.441 GC heap before
{Heap before GC invocations=20 (full 0):
 garbage-first heap   total 196608K, used 155285K [0x0000000740000000, 0x0000000800000000)
  region size 2048K, 45 young (92160K), 2 survivors (4096K)
 Metaspace       used 71293K, committed 72064K, reserved 1114112K
  class space    used 9917K, committed 10240K, reserved 1048576K
}
Event: 7.446 GC heap after
{Heap after GC invocations=21 (full 0):
 garbage-first heap   total 196608K, used 73541K [0x0000000740000000, 0x0000000800000000)
  region size 2048K, 6 young (12288K), 6 survivors (12288K)
 Metaspace       used 71293K, committed 72064K, reserved 1114112K
  class space    used 9917K, committed 10240K, reserved 1048576K
}
Event: 7.494 GC heap before
{Heap before GC invocations=21 (full 0):
 garbage-first heap   total 196608K, used 98117K [0x0000000740000000, 0x0000000800000000)
  region size 2048K, 8 young (16384K), 6 survivors (12288K)
 Metaspace       used 71377K, committed 72128K, reserved 1114112K
  class space    used 9917K, committed 10240K, reserved 1048576K
}
Event: 7.500 GC heap after
{Heap after GC invocations=22 (full 0):
 garbage-first heap   total 196608K, used 75448K [0x0000000740000000, 0x0000000800000000)
  region size 2048K, 1 young (2048K), 1 survivors (2048K)
 Metaspace       used 71377K, committed 72128K, reserved 1114112K
  class space    used 9917K, committed 10240K, reserved 1048576K
}
Event: 7.507 GC heap before
{Heap before GC invocations=22 (full 0):
 garbage-first heap   total 196608K, used 83640K [0x0000000740000000, 0x0000000800000000)
  region size 2048K, 2 young (4096K), 1 survivors (2048K)
 Metaspace       used 71377K, committed 72128K, reserved 1114112K
  class space    used 9917K, committed 10240K, reserved 1048576K
}
Event: 7.508 GC heap after
{Heap after GC invocations=23 (full 0):
 garbage-first heap   total 196608K, used 73986K [0x0000000740000000, 0x0000000800000000)
  region size 2048K, 1 young (2048K), 1 survivors (2048K)
 Metaspace       used 71377K, committed 72128K, reserved 1114112K
  class space    used 9917K, committed 10240K, reserved 1048576K
}
Event: 7.514 GC heap before
{Heap before GC invocations=23 (full 0):
 garbage-first heap   total 196608K, used 80130K [0x0000000740000000, 0x0000000800000000)
  region size 2048K, 2 young (4096K), 1 survivors (2048K)
 Metaspace       used 71378K, committed 72128K, reserved 1114112K
  class space    used 9917K, committed 10240K, reserved 1048576K
}
Event: 7.515 GC heap after
{Heap after GC invocations=24 (full 0):
 garbage-first heap   total 368640K, used 73636K [0x0000000740000000, 0x0000000800000000)
  region size 2048K, 1 young (2048K), 1 survivors (2048K)
 Metaspace       used 71378K, committed 72128K, reserved 1114112K
  class space    used 9917K, committed 10240K, reserved 1048576K
}
Event: 7.541 GC heap before
{Heap before GC invocations=24 (full 0):
 garbage-first heap   total 368640K, used 102308K [0x0000000740000000, 0x0000000800000000)
  region size 2048K, 2 young (4096K), 1 survivors (2048K)
 Metaspace       used 71379K, committed 72128K, reserved 1114112K
  class space    used 9917K, committed 10240K, reserved 1048576K
}
Event: 7.542 GC heap after
{Heap after GC invocations=25 (full 0):
 garbage-first heap   total 368640K, used 73581K [0x0000000740000000, 0x0000000800000000)
  region size 2048K, 1 young (2048K), 1 survivors (2048K)
 Metaspace       used 71379K, committed 72128K, reserved 1114112K
  class space    used 9917K, committed 10240K, reserved 1048576K
}
Event: 7.589 GC heap before
{Heap before GC invocations=25 (full 0):
 garbage-first heap   total 368640K, used 110445K [0x0000000740000000, 0x0000000800000000)
  region size 2048K, 5 young (10240K), 1 survivors (2048K)
 Metaspace       used 71434K, committed 72192K, reserved 1114112K
  class space    used 9918K, committed 10240K, reserved 1048576K
}
Event: 7.590 GC heap after
{Heap after GC invocations=26 (full 0):
 garbage-first heap   total 368640K, used 73966K [0x0000000740000000, 0x0000000800000000)
  region size 2048K, 1 young (2048K), 1 survivors (2048K)
 Metaspace       used 71434K, committed 72192K, reserved 1114112K
  class space    used 9918K, committed 10240K, reserved 1048576K
}
Event: 7.615 GC heap before
{Heap before GC invocations=26 (full 0):
 garbage-first heap   total 368640K, used 104686K [0x0000000740000000, 0x0000000800000000)
  region size 2048K, 2 young (4096K), 1 survivors (2048K)
 Metaspace       used 71438K, committed 72192K, reserved 1114112K
  class space    used 9918K, committed 10240K, reserved 1048576K
}
Event: 7.616 GC heap after
{Heap after GC invocations=27 (full 0):
 garbage-first heap   total 368640K, used 73989K [0x0000000740000000, 0x0000000800000000)
  region size 2048K, 1 young (2048K), 1 survivors (2048K)
 Metaspace       used 71438K, committed 72192K, reserved 1114112K
  class space    used 9918K, committed 10240K, reserved 1048576K
}
Event: 7.787 GC heap before
{Heap before GC invocations=27 (full 0):
 garbage-first heap   total 368640K, used 104709K [0x0000000740000000, 0x0000000800000000)
  region size 2048K, 14 young (28672K), 1 survivors (2048K)
 Metaspace       used 71741K, committed 72512K, reserved 1114112K
  class space    used 9959K, committed 10304K, reserved 1048576K
}
Event: 7.790 GC heap after
{Heap after GC invocations=28 (full 0):
 garbage-first heap   total 661504K, used 77075K [0x0000000740000000, 0x0000000800000000)
  region size 2048K, 2 young (4096K), 2 survivors (4096K)
 Metaspace       used 71741K, committed 72512K, reserved 1114112K
  class space    used 9959K, committed 10304K, reserved 1048576K
}
Event: 8.798 GC heap before
{Heap before GC invocations=28 (full 0):
 garbage-first heap   total 661504K, used 388371K [0x0000000740000000, 0x0000000800000000)
  region size 2048K, 90 young (184320K), 2 survivors (4096K)
 Metaspace       used 72769K, committed 73536K, reserved 1114112K
  class space    used 10071K, committed 10432K, reserved 1048576K
}
Event: 8.804 GC heap after
{Heap after GC invocations=29 (full 0):
 garbage-first heap   total 661504K, used 81438K [0x0000000740000000, 0x0000000800000000)
  region size 2048K, 4 young (8192K), 4 survivors (8192K)
 Metaspace       used 72769K, committed 73536K, reserved 1114112K
  class space    used 10071K, committed 10432K, reserved 1048576K
}

Deoptimization events (20 events):
Event: 8.860 Thread 0x000000006fc9b2c0 Uncommon trap: trap_request=0xffffff45 fr.pc=0x0000000012477920 relative=0x00000000000000a0
Event: 8.860 Thread 0x000000006fc9b2c0 Uncommon trap: reason=unstable_if action=reinterpret pc=0x0000000012477920 method=com.esotericsoftware.kryo.io.Output.writeByte(B)V @ 8 c2
Event: 8.860 Thread 0x000000006fc9b2c0 DEOPT PACKING pc=0x0000000012477920 sp=0x000000007d188d80
Event: 8.860 Thread 0x000000006fc9b2c0 DEOPT UNPACKING pc=0x00000000118f23a3 sp=0x000000007d188ca0 mode 2
Event: 9.944 Thread 0x000000007111d9f0 Uncommon trap: trap_request=0xffffffbe fr.pc=0x000000001247dc48 relative=0x00000000000001a8
Event: 9.944 Thread 0x000000007111d9f0 Uncommon trap: reason=profile_predicate action=maybe_recompile pc=0x000000001247dc48 method=java.util.LinkedHashMap.keysToArray([Ljava/lang/Object;)[Ljava/lang/Object; @ 12 c2
Event: 9.944 Thread 0x000000007111d9f0 DEOPT PACKING pc=0x000000001247dc48 sp=0x000000007523ceb0
Event: 9.944 Thread 0x000000007111d9f0 DEOPT UNPACKING pc=0x00000000118f23a3 sp=0x000000007523ce68 mode 2
Event: 18.273 Thread 0x000000006f808730 Uncommon trap: trap_request=0xffffff45 fr.pc=0x000000001248bacc relative=0x00000000000024cc
Event: 18.273 Thread 0x000000006f808730 Uncommon trap: reason=unstable_if action=reinterpret pc=0x000000001248bacc method=org.gradle.internal.logging.text.AbstractLineChoppingStyledTextOutput$2.execute(Lorg/gradle/internal/logging/text/AbstractLineChoppingStyledTextOutput$StateContext;)V @ 34 c
Event: 18.273 Thread 0x000000006f808730 DEOPT PACKING pc=0x000000001248bacc sp=0x000000008602e340
Event: 18.273 Thread 0x000000006f808730 DEOPT UNPACKING pc=0x00000000118f23a3 sp=0x000000008602e1c8 mode 2
Event: 18.273 Thread 0x000000006f808730 Uncommon trap: trap_request=0xffffff45 fr.pc=0x0000000012014c40 relative=0x0000000000000540
Event: 18.273 Thread 0x000000006f808730 Uncommon trap: reason=unstable_if action=reinterpret pc=0x0000000012014c40 method=org.gradle.internal.logging.text.AbstractLineChoppingStyledTextOutput$2.execute(Lorg/gradle/internal/logging/text/AbstractLineChoppingStyledTextOutput$StateContext;)V @ 34 c
Event: 18.273 Thread 0x000000006f808730 DEOPT PACKING pc=0x0000000012014c40 sp=0x000000008602e320
Event: 18.273 Thread 0x000000006f808730 DEOPT UNPACKING pc=0x00000000118f23a3 sp=0x000000008602e1b8 mode 2
Event: 18.273 Thread 0x000000006f808730 Uncommon trap: trap_request=0xffffff45 fr.pc=0x0000000012013e20 relative=0x0000000000000540
Event: 18.273 Thread 0x000000006f808730 Uncommon trap: reason=unstable_if action=reinterpret pc=0x0000000012013e20 method=org.gradle.internal.logging.text.AbstractLineChoppingStyledTextOutput$2.execute(Lorg/gradle/internal/logging/text/AbstractLineChoppingStyledTextOutput$StateContext;)V @ 34 c
Event: 18.273 Thread 0x000000006f808730 DEOPT PACKING pc=0x0000000012013e20 sp=0x000000008602e2b0
Event: 18.273 Thread 0x000000006f808730 DEOPT UNPACKING pc=0x00000000118f23a3 sp=0x000000008602e1b0 mode 2

Classes unloaded (0 events):
No events

Classes redefined (0 events):
No events

Internal exceptions (20 events):
Event: 7.239 Thread 0x000000006b730b90 Exception <a 'java/lang/ClassNotFoundException'{0x0000000747f78c18}: org/gradle/language/jvm/tasks/ProcessResources_DecoratedBeanInfo> (0x0000000747f78c18) 
thrown [s\open\src\hotspot\share\classfile\systemDictionary.cpp, line 256]
Event: 7.239 Thread 0x000000006b730b90 Exception <a 'java/lang/ClassNotFoundException'{0x0000000747f875d0}: org/gradle/language/jvm/tasks/ProcessResourcesBeanInfo> (0x0000000747f875d0) 
thrown [s\open\src\hotspot\share\classfile\systemDictionary.cpp, line 256]
Event: 7.239 Thread 0x000000006b730b90 Exception <a 'java/lang/ClassNotFoundException'{0x0000000747f937c8}: org/gradle/api/tasks/CopyBeanInfo> (0x0000000747f937c8) 
thrown [s\open\src\hotspot\share\classfile\systemDictionary.cpp, line 256]
Event: 7.239 Thread 0x000000006b730b90 Exception <a 'java/lang/ClassNotFoundException'{0x0000000747f9f9a8}: org/gradle/api/tasks/CopyCustomizer> (0x0000000747f9f9a8) 
thrown [s\open\src\hotspot\share\classfile\systemDictionary.cpp, line 256]
Event: 7.240 Thread 0x000000006b730b90 Exception <a 'java/lang/ClassNotFoundException'{0x0000000747fc5150}: org/gradle/language/jvm/tasks/ProcessResourcesCustomizer> (0x0000000747fc5150) 
thrown [s\open\src\hotspot\share\classfile\systemDictionary.cpp, line 256]
Event: 7.240 Thread 0x000000006b730b90 Exception <a 'java/lang/ClassNotFoundException'{0x0000000747fe7c48}: org/gradle/language/jvm/tasks/ProcessResources_DecoratedCustomizer> (0x0000000747fe7c48) 
thrown [s\open\src\hotspot\share\classfile\systemDictionary.cpp, line 256]
Event: 7.242 Thread 0x000000006b730b90 Exception <a 'java/lang/ClassNotFoundException'{0x0000000747c6e9c0}: org/gradle/api/internal/tasks/DefaultTaskInputsBeanInfo> (0x0000000747c6e9c0) 
thrown [s\open\src\hotspot\share\classfile\systemDictionary.cpp, line 256]
Event: 7.243 Thread 0x000000006b730b90 Exception <a 'java/lang/ClassNotFoundException'{0x0000000747c7b1e0}: org/gradle/api/internal/tasks/DefaultTaskInputsCustomizer> (0x0000000747c7b1e0) 
thrown [s\open\src\hotspot\share\classfile\systemDictionary.cpp, line 256]
Event: 7.250 Thread 0x000000006b730b90 Exception <a 'java/lang/ClassNotFoundException'{0x0000000747d52238}: org/gradle/api/internal/file/copy/CopySpecWrapper_DecoratedBeanInfo> (0x0000000747d52238) 
thrown [s\open\src\hotspot\share\classfile\systemDictionary.cpp, line 256]
Event: 7.250 Thread 0x000000006b730b90 Exception <a 'java/lang/ClassNotFoundException'{0x0000000747d5fe98}: org/gradle/api/internal/file/copy/CopySpecWrapperBeanInfo> (0x0000000747d5fe98) 
thrown [s\open\src\hotspot\share\classfile\systemDictionary.cpp, line 256]
Event: 7.251 Thread 0x000000006b730b90 Exception <a 'java/lang/ClassNotFoundException'{0x0000000747d6dad8}: org/gradle/api/internal/file/copy/CopySpecWrapperCustomizer> (0x0000000747d6dad8) 
thrown [s\open\src\hotspot\share\classfile\systemDictionary.cpp, line 256]
Event: 7.251 Thread 0x000000006b730b90 Exception <a 'java/lang/ClassNotFoundException'{0x0000000747dc8c20}: org/gradle/api/internal/file/copy/CopySpecWrapper_DecoratedCustomizer> (0x0000000747dc8c20) 
thrown [s\open\src\hotspot\share\classfile\systemDictionary.cpp, line 256]
Event: 7.272 Thread 0x000000006b730b90 Exception <a 'java/lang/IncompatibleClassChangeError'{0x00000007479f2d78}: Found class java.lang.Object, but interface was expected> (0x00000007479f2d78) 
thrown [s\open\src\hotspot\share\interpreter\linkResolver.cpp, line 826]
Event: 7.302 Thread 0x000000006fc9ef80 Exception <a 'java/lang/NoSuchMethodError'{0x000000074753cc38}: 'java.lang.Object java.lang.invoke.DirectMethodHandle$Holder.newInvokeSpecial(java.lang.Object, java.lang.Object, int, java.lang.Object, java.lang.Object)'> (0x000000074753cc38) 
thrown [s\open\src\hotspot\share\interpreter\linkResolver.cpp, line 759]
Event: 7.322 Thread 0x000000006fc9b2c0 Exception <a 'java/lang/NoSuchMethodError'{0x00000007473d8e40}: 'void java.lang.invoke.DirectMethodHandle$Holder.invokeInterface(java.lang.Object, java.lang.Object, java.lang.Object, java.lang.Object)'> (0x00000007473d8e40) 
thrown [s\open\src\hotspot\share\interpreter\linkResolver.cpp, line 759]
Event: 7.360 Thread 0x000000006fc9b2c0 Exception <a 'java/lang/IncompatibleClassChangeError'{0x0000000746fa36b0}: Found class java.lang.Object, but interface was expected> (0x0000000746fa36b0) 
thrown [s\open\src\hotspot\share\interpreter\linkResolver.cpp, line 826]
Event: 7.414 Thread 0x000000006fc9b2c0 Exception <a 'java/lang/NoSuchMethodError'{0x0000000746850ec8}: 'int java.lang.invoke.DirectMethodHandle$Holder.invokeStaticInit(java.lang.Object, java.lang.Object, java.lang.Object, java.lang.Object, java.lang.Object)'> (0x0000000746850ec8) 
thrown [s\open\src\hotspot\share\interpreter\linkResolver.cpp, line 759]
Event: 7.437 Thread 0x000000006fc9b2c0 Exception <a 'java/lang/NoSuchMethodError'{0x00000007469e9978}: static Ljava/lang/Object;.<clinit>()V> (0x00000007469e9978) 
thrown [s\open\src\hotspot\share\prims\jni.cpp, line 1112]
Event: 8.678 Thread 0x000000006fc9b2c0 Exception <a 'sun/nio/fs/WindowsException'{0x000000075de240a8}> (0x000000075de240a8) 
thrown [s\open\src\hotspot\share\prims\jni.cpp, line 516]
Event: 8.679 Thread 0x000000006fc9b2c0 Exception <a 'java/lang/NoSuchMethodError'{0x000000075de2c1a8}: 'int java.lang.invoke.DirectMethodHandle$Holder.invokeSpecial(java.lang.Object, java.lang.Object, java.lang.Object, java.lang.Object, java.lang.Object)'> (0x000000075de2c1a8) 
thrown [s\open\src\hotspot\share\interpreter\linkResolver.cpp, line 759]

VM Operations (20 events):
Event: 9.875 Executing VM operation: Cleanup
Event: 9.875 Executing VM operation: Cleanup done
Event: 10.875 Executing VM operation: Cleanup
Event: 10.875 Executing VM operation: Cleanup done
Event: 11.102 Executing VM operation: HandshakeAllThreads
Event: 11.102 Executing VM operation: HandshakeAllThreads done
Event: 11.102 Executing VM operation: HandshakeAllThreads
Event: 11.103 Executing VM operation: HandshakeAllThreads done
Event: 12.102 Executing VM operation: Cleanup
Event: 12.102 Executing VM operation: Cleanup done
Event: 14.114 Executing VM operation: Cleanup
Event: 14.114 Executing VM operation: Cleanup done
Event: 15.119 Executing VM operation: Cleanup
Event: 15.119 Executing VM operation: Cleanup done
Event: 16.134 Executing VM operation: Cleanup
Event: 16.134 Executing VM operation: Cleanup done
Event: 17.139 Executing VM operation: Cleanup
Event: 17.140 Executing VM operation: Cleanup done
Event: 18.146 Executing VM operation: Cleanup
Event: 18.146 Executing VM operation: Cleanup done

Events (20 events):
Event: 8.780 Thread 0x000000006f80bee0 Thread added: 0x000000006f80bee0
Event: 8.780 Thread 0x000000006f80fba0 Thread added: 0x000000006f80fba0
Event: 8.864 Thread 0x000000006f80dd40 Thread added: 0x000000006f80dd40
Event: 8.872 Thread 0x000000006f809660 Thread added: 0x000000006f809660
Event: 8.874 Thread 0x000000006f808730 Thread added: 0x000000006f808730
Event: 10.789 Thread 0x0000000071fa7220 Thread exited: 0x0000000071fa7220
Event: 10.810 Thread 0x00000000711fff20 Thread exited: 0x00000000711fff20
Event: 11.095 loading class java/util/concurrent/LinkedBlockingDeque$Itr
Event: 11.095 loading class java/util/concurrent/LinkedBlockingDeque$AbstractItr
Event: 11.095 loading class java/util/concurrent/LinkedBlockingDeque$AbstractItr done
Event: 11.095 loading class java/util/concurrent/LinkedBlockingDeque$Itr done
Event: 11.096 loading class java/math/MathContext
Event: 11.097 loading class java/math/MathContext done
Event: 14.539 loading class sun/security/ssl/Alert
Event: 14.539 loading class sun/security/ssl/Alert done
Event: 14.540 loading class sun/security/ssl/Alert$AlertConsumer
Event: 14.540 loading class sun/security/ssl/Alert$AlertConsumer done
Event: 14.540 loading class sun/security/ssl/Alert$Level
Event: 14.540 loading class sun/security/ssl/Alert$Level done
Event: 14.554 Thread 0x000000007111cac0 Thread exited: 0x000000007111cac0


Dynamic libraries:
0x00007ff7abb50000 - 0x00007ff7abb60000 	C:\Program Files\Java\jdk-17\bin\java.exe
0x00007ffa784b0000 - 0x00007ffa786a8000 	C:\Windows\SYSTEM32\ntdll.dll
0x00007ffa77d70000 - 0x00007ffa77e32000 	C:\Windows\System32\KERNEL32.DLL
0x00007ffa75b70000 - 0x00007ffa75e66000 	C:\Windows\System32\KERNELBASE.dll
0x00007ffa76130000 - 0x00007ffa76230000 	C:\Windows\System32\ucrtbase.dll
0x00007ffa63e20000 - 0x00007ffa63e39000 	C:\Program Files\Java\jdk-17\bin\jli.dll
0x00007ffa63e00000 - 0x00007ffa63e1b000 	C:\Program Files\Java\jdk-17\bin\VCRUNTIME140.dll
0x00007ffa773e0000 - 0x00007ffa77491000 	C:\Windows\System32\ADVAPI32.dll
0x00007ffa77260000 - 0x00007ffa772fe000 	C:\Windows\System32\msvcrt.dll
0x00007ffa77e40000 - 0x00007ffa77edf000 	C:\Windows\System32\sechost.dll
0x00007ffa764d0000 - 0x00007ffa765f0000 	C:\Windows\System32\RPCRT4.dll
0x00007ffa762b0000 - 0x00007ffa762d7000 	C:\Windows\System32\bcrypt.dll
0x00007ffa77aa0000 - 0x00007ffa77c41000 	C:\Windows\System32\USER32.dll
0x00007ffa75b40000 - 0x00007ffa75b62000 	C:\Windows\System32\win32u.dll
0x00007ffa64a90000 - 0x00007ffa64d2b000 	C:\Windows\WinSxS\amd64_microsoft.windows.common-controls_6595b64144ccf1df_6.0.19041.6456_none_60b8a6cb71f64256\COMCTL32.dll
0x00007ffa77fb0000 - 0x00007ffa77fdb000 	C:\Windows\System32\GDI32.dll
0x00007ffa75f60000 - 0x00007ffa76079000 	C:\Windows\System32\gdi32full.dll
0x00007ffa75e70000 - 0x00007ffa75f0d000 	C:\Windows\System32\msvcp_win.dll
0x00007ffa6b550000 - 0x00007ffa6b55a000 	C:\Windows\SYSTEM32\VERSION.dll
0x00007ffa76a60000 - 0x00007ffa76a8f000 	C:\Windows\System32\IMM32.DLL
0x00007ffa683e0000 - 0x00007ffa683ec000 	C:\Program Files\Java\jdk-17\bin\vcruntime140_1.dll
0x00007ffa4a160000 - 0x00007ffa4a1ee000 	C:\Program Files\Java\jdk-17\bin\msvcp140.dll
0x00007ff9fc0c0000 - 0x00007ff9fcca0000 	C:\Program Files\Java\jdk-17\bin\server\jvm.dll
0x00007ffa77300000 - 0x00007ffa77308000 	C:\Windows\System32\PSAPI.DLL
0x00007ffa687c0000 - 0x00007ffa687c9000 	C:\Windows\SYSTEM32\WSOCK32.dll
0x00007ffa6b520000 - 0x00007ffa6b547000 	C:\Windows\SYSTEM32\WINMM.dll
0x00007ffa77880000 - 0x00007ffa778eb000 	C:\Windows\System32\WS2_32.dll
0x00007ffa73990000 - 0x00007ffa739a2000 	C:\Windows\SYSTEM32\kernel.appcore.dll
0x00007ffa63df0000 - 0x00007ffa63dfa000 	C:\Program Files\Java\jdk-17\bin\jimage.dll
0x00007ffa6d1d0000 - 0x00007ffa6d3d1000 	C:\Windows\SYSTEM32\DBGHELP.DLL
0x00007ffa654f0000 - 0x00007ffa65524000 	C:\Windows\SYSTEM32\dbgcore.DLL
0x00007ffa762e0000 - 0x00007ffa76362000 	C:\Windows\System32\bcryptPrimitives.dll
0x00007ffa4bc30000 - 0x00007ffa4bc3e000 	C:\Program Files\Java\jdk-17\bin\instrument.dll
0x00007ffa63c40000 - 0x00007ffa63c65000 	C:\Program Files\Java\jdk-17\bin\java.dll
0x00007ffa42fe0000 - 0x00007ffa430b7000 	C:\Program Files\Java\jdk-17\bin\jsvml.dll
0x00007ffa76a90000 - 0x00007ffa77200000 	C:\Windows\System32\SHELL32.dll
0x00007ffa73b90000 - 0x00007ffa74335000 	C:\Windows\SYSTEM32\windows.storage.dll
0x00007ffa78110000 - 0x00007ffa78464000 	C:\Windows\System32\combase.dll
0x00007ffa75490000 - 0x00007ffa754bb000 	C:\Windows\SYSTEM32\Wldp.dll
0x00007ffa77ee0000 - 0x00007ffa77fad000 	C:\Windows\System32\OLEAUT32.dll
0x00007ffa78060000 - 0x00007ffa7810d000 	C:\Windows\System32\SHCORE.dll
0x00007ffa77200000 - 0x00007ffa7725b000 	C:\Windows\System32\shlwapi.dll
0x00007ffa75a70000 - 0x00007ffa75a94000 	C:\Windows\SYSTEM32\profapi.dll
0x00007ffa570a0000 - 0x00007ffa570b8000 	C:\Program Files\Java\jdk-17\bin\zip.dll
0x00007ffa59820000 - 0x00007ffa59839000 	C:\Program Files\Java\jdk-17\bin\net.dll
0x00007ffa6e9f0000 - 0x00007ffa6eafa000 	C:\Windows\SYSTEM32\WINHTTP.dll
0x00007ffa75270000 - 0x00007ffa752da000 	C:\Windows\system32\mswsock.dll
0x00007ffa59720000 - 0x00007ffa59736000 	C:\Program Files\Java\jdk-17\bin\nio.dll
0x00007ffa5e6a0000 - 0x00007ffa5e6b0000 	C:\Program Files\Java\jdk-17\bin\verify.dll
0x00007ffa68470000 - 0x00007ffa68497000 	C:\Users\Luppz\.gradle\native\1def1411415f61bf3af743bc5b6707747c0891f09f0c88961ee8f79bc544acac\windows-amd64\native-platform.dll
0x00007ffa4bba0000 - 0x00007ffa4bc18000 	C:\Users\Luppz\.gradle\native\0.2.7\x86_64-windows-gnu\gradle-fileevents.dll
0x00007ffa55dc0000 - 0x00007ffa55dca000 	C:\Program Files\Java\jdk-17\bin\management.dll
0x00007ffa55db0000 - 0x00007ffa55dbb000 	C:\Program Files\Java\jdk-17\bin\management_ext.dll
0x00007ffa74f20000 - 0x00007ffa74f5b000 	C:\Windows\SYSTEM32\IPHLPAPI.DLL
0x00007ffa776c0000 - 0x00007ffa776c8000 	C:\Windows\System32\NSI.dll
0x00007ffa71e00000 - 0x00007ffa71e17000 	C:\Windows\SYSTEM32\dhcpcsvc6.DLL
0x00007ffa71980000 - 0x00007ffa7199d000 	C:\Windows\SYSTEM32\dhcpcsvc.DLL
0x00007ffa74f60000 - 0x00007ffa7502a000 	C:\Windows\SYSTEM32\DNSAPI.dll
0x00007ffa754d0000 - 0x00007ffa754e8000 	C:\Windows\SYSTEM32\CRYPTSP.dll
0x00007ffa74b40000 - 0x00007ffa74b78000 	C:\Windows\system32\rsaenh.dll
0x00007ffa759f0000 - 0x00007ffa75a1e000 	C:\Windows\SYSTEM32\USERENV.dll
0x00007ffa75400000 - 0x00007ffa7540c000 	C:\Windows\SYSTEM32\CRYPTBASE.dll
0x00007ffa4bb90000 - 0x00007ffa4bb9e000 	C:\Program Files\Java\jdk-17\bin\sunmscapi.dll
0x00007ffa76370000 - 0x00007ffa764cd000 	C:\Windows\System32\CRYPT32.dll
0x00007ffa755e0000 - 0x00007ffa75607000 	C:\Windows\SYSTEM32\ncrypt.dll
0x00007ffa755a0000 - 0x00007ffa755db000 	C:\Windows\SYSTEM32\NTASN1.dll
0x00007ffa56890000 - 0x00007ffa56897000 	C:\Windows\system32\wshunix.dll
0x00007ffa6db50000 - 0x00007ffa6db5a000 	C:\Windows\System32\rasadhlp.dll
0x00007ffa6c8a0000 - 0x00007ffa6c920000 	C:\Windows\System32\fwpuclnt.dll

dbghelp: loaded successfully - version: 4.0.5 - missing functions: none
symbol engine: initialized successfully - sym options: 0x614 - pdb path: .;C:\Program Files\Java\jdk-17\bin;C:\Windows\SYSTEM32;C:\Windows\WinSxS\amd64_microsoft.windows.common-controls_6595b64144ccf1df_6.0.19041.6456_none_60b8a6cb71f64256;C:\Program Files\Java\jdk-17\bin\server;C:\Users\Luppz\.gradle\native\1def1411415f61bf3af743bc5b6707747c0891f09f0c88961ee8f79bc544acac\windows-amd64;C:\Users\Luppz\.gradle\native\0.2.7\x86_64-windows-gnu

VM Arguments:
jvm_args: --add-opens=java.base/java.lang=ALL-UNNAMED --add-opens=java.base/java.lang.invoke=ALL-UNNAMED --add-opens=java.base/java.util=ALL-UNNAMED --add-opens=java.prefs/java.util.prefs=ALL-UNNAMED --add-exports=jdk.compiler/com.sun.tools.javac.api=ALL-UNNAMED --add-exports=jdk.compiler/com.sun.tools.javac.util=ALL-UNNAMED --add-opens=java.base/java.util=ALL-UNNAMED --add-opens=java.prefs/java.util.prefs=ALL-UNNAMED --add-opens=java.base/java.nio.charset=ALL-UNNAMED --add-opens=java.base/java.net=ALL-UNNAMED --add-opens=java.base/java.util.concurrent.atomic=ALL-UNNAMED --add-opens=java.xml/javax.xml.namespace=ALL-UNNAMED -Xmx3G -Dfile.encoding=windows-1252 -Duser.country=BR -Duser.language=pt -Duser.variant -javaagent:C:\Users\Luppz\.gradle\wrapper\dists\gradle-8.14.2-bin\2pb3mgt1p815evrl3weanttgr\gradle-8.14.2\lib\agents\gradle-instrumentation-agent-8.14.2.jar 
java_command: org.gradle.launcher.daemon.bootstrap.GradleDaemon 8.14.2
java_class_path (initial): C:\Users\Luppz\.gradle\wrapper\dists\gradle-8.14.2-bin\2pb3mgt1p815evrl3weanttgr\gradle-8.14.2\lib\gradle-daemon-main-8.14.2.jar
Launcher Type: SUN_STANDARD

[Global flags]
     intx CICompilerCount                          = 4                                         {product} {ergonomic}
     uint ConcGCThreads                            = 3                                         {product} {ergonomic}
     uint G1ConcRefinementThreads                  = 10                                        {product} {ergonomic}
   size_t G1HeapRegionSize                         = 2097152                                   {product} {ergonomic}
    uintx GCDrainStackTargetSize                   = 64                                        {product} {ergonomic}
   size_t InitialHeapSize                          = 268435456                                 {product} {ergonomic}
   size_t MarkStackSize                            = 4194304                                   {product} {ergonomic}
   size_t MaxHeapSize                              = 3221225472                                {product} {command line}
   size_t MaxNewSize                               = 1931476992                                {product} {ergonomic}
   size_t MinHeapDeltaBytes                        = 2097152                                   {product} {ergonomic}
   size_t MinHeapSize                              = 8388608                                   {product} {ergonomic}
    uintx NonNMethodCodeHeapSize                   = 5839372                                {pd product} {ergonomic}
    uintx NonProfiledCodeHeapSize                  = 122909434                              {pd product} {ergonomic}
    uintx ProfiledCodeHeapSize                     = 122909434                              {pd product} {ergonomic}
    uintx ReservedCodeCacheSize                    = 251658240                              {pd product} {ergonomic}
     bool SegmentedCodeCache                       = true                                      {product} {ergonomic}
   size_t SoftMaxHeapSize                          = 3221225472                             {manageable} {ergonomic}
     bool UseCompressedClassPointers               = true                           {product lp64_product} {ergonomic}
     bool UseCompressedOops                        = true                           {product lp64_product} {ergonomic}
     bool UseG1GC                                  = true                                      {product} {ergonomic}
     bool UseLargePagesIndividualAllocation        = false                                  {pd product} {ergonomic}

Logging:
Log output configuration:
 #0: stdout all=warning uptime,level,tags
 #1: stderr all=off uptime,level,tags

Environment Variables:
JAVA_HOME=C:\\Program Files\\Java\\jdk-17
PATH=C:\\Program Files\\Java\\jdk-17\\bin;C:\\Users\\Luppz\\.trae\\tools\\maven\\latest\\bin;C:\\Users\\Luppz\\.trae\\tools\\gradle\\latest\\bin;c:\\Users\\Luppz\\.trae\\sdks\\workspaces\\24e56d81\\versions\\node\\current;c:\\Users\\Luppz\\.trae\\sdks\\versions\\node\\current;C:\Program Files\Java\jdk-17\bin;C:\Users\Luppz\.trae\tools\maven\latest\bin;C:\Users\Luppz\.trae\tools\gradle\latest\bin;c:\Users\Luppz\.trae\sdks\workspaces\24e56d81\versions\node\current;c:\Users\Luppz\.trae\sdks\versions\node\current;C:\Windows\system32;C:\Windows;C:\Windows\System32\Wbem;C:\Windows\System32\WindowsPowerShell\v1.0\;C:\Windows\System32\OpenSSH\;C:\Program Files\Java\jdk-23;C:\Program Files\Java\jdk-17\bin;C:\Program Files\nodejs\;C:\Program Files\ffmpeg\bin;C:\Gradle\gradle-8.14.2\bin;C:\Program Files\Git\cmd;C:\Program Files\cursor\resources\app\bin;c:\Users\Luppz\Trae\bin;C:\Users\Luppz\AppData\Local\Programs\Python\Python311\Scripts\;C:\Users\Luppz\AppData\Local\Programs\Python\Python311\;C:\Users\Luppz\AppData\Local\Microsoft\WindowsApps;C:\Users\Luppz\AppData\Roaming\npm;C:\Users\lucas\AppData\Local\Programs\cursor\resources\app\bin;C:\Users\Luppz\Windsurf\bin;C:\Users\lucas\AppData\Local\Programs\Antigravity\bin;c:\Users\Luppz\.trae\extensions\vscjava.vscode-java-debug-0.58.3-universal\bundled\scripts\noConfigScripts
USERNAME=luppz
LANG=en_US.UTF-8
OS=Windows_NT
PROCESSOR_IDENTIFIER=AMD64 Family 25 Model 33 Stepping 2, AuthenticAMD



---------------  S Y S T E M  ---------------

OS:
 Windows 10 , 64 bit Build 19041 (10.0.19041.5915)
OS uptime: 0 days 5:12 hours
Hyper-V role detected

CPU: total 12 (initial active 12) (12 cores per cpu, 2 threads per core) family 25 model 33 stepping 2 microcode 0x0, cx8, cmov, fxsr, ht, mmx, 3dnowpref, sse, sse2, sse3, ssse3, sse4a, sse4.1, sse4.2, popcnt, lzcnt, tsc, tscinvbit, avx, avx2, aes, erms, clmul, bmi1, bmi2, adx, sha, fma, vzeroupper, clflush, clflushopt, hv

Memory: 4k page, system-wide physical 16309M (548M free)
TotalPageFile size 41909M (AvailPageFile size 1M)
current process WorkingSet (physical memory assigned to process): 760M, peak: 812M
current process commit charge ("private bytes"): 1062M, peak: 1118M

vm_info: Java HotSpot(TM) 64-Bit Server VM (17.0.12+8-LTS-286) for windows-amd64 JRE (17.0.12+8-LTS-286), built on Jun  5 2024 06:46:59 by "mach5one" with MS VC++ 17.6 (VS2022)

END.
