{
	"format_version": "1.8.0",
	"animations": {
		"animation.sliding": {
			"loop": true,
			"animation_length": 0.5,
			"bones": {
				"Body": {
					"rotation": {
						"0.0": [-35, 0, 0],
						"0.5": [-35, 0, 0]
					},
					"position": {
						"0.0": [0, -6.4, 1.5],
						"0.25": [0, -6.6, 2.6],
						"0.5": [0, -6.4, 1.5]
					}
				},
				"Neck": {
					"rotation": {
						"0.0": [0, 0, 0],
						"0.2083": [18, 0, 0]
					}
				},
				"Head": {
					"rotation": {
						"0.0": [25, 0, 0],
						"0.25": [1, 0, 0],
						"0.5": [25, 0, 0]
					}
				},
				"LeftClavicle": {
					"rotation": {
						"0.0": [-42.16699, 20.41044, 21.05947],
						"0.25": [-45.16699, 20.41044, 21.05947],
						"0.5": [-42.16699, 20.41044, 21.05947]
					}
				},
				"LeftArm": {
					"rotation": {
						"0.0": [0, 0, 0],
						"0.25": [72.18466, 6.97915, -13.31059],
						"0.5": [70.5, 0, -30]
					}
				},
				"RightClavicle": {
					"rotation": {
						"0.0": [41.7882, 32.94936, 25.92434],
						"0.5": [41.7882, 32.94936, 25.92434]
					}
				},
				"RightArm": {
					"rotation": {
						"0.0": [0, 0, 0],
						"0.25": [-47, 0, 0],
						"0.5": [0, 0, 0]
					}
				},
				"RightHip": {
					"rotation": {
						"0.0": [-88, 0, 0],
						"0.2083": [-80.03739, 21.49914, -0.19695],
						"0.5": [-55, 0, 0]
					},
					"position": {
						"0.0": [0, -6.3, 2.4],
						"0.2083": [0, -6.2, 3.8],
						"0.5": [0, -6.3, 2.4]
					}
				},
				"LeftHip": {
					"rotation": {
						"0.0": [-67.5, 0, 0],
						"0.25": [-87.5, 0, 0],
						"0.5": [-67.5, 0, 0]
					},
					"position": {
						"0.0": [-0.2, -6.4, 0],
						"0.25": [-0.2, -6.9, 4.55],
						"0.5": [-0.2, -6.4, 1.675]
					}
				}
			}
		}
	}
}